-- CreateSchema
CREATE SCHEMA IF NOT EXISTS "material";


-- CreateTable
CREATE TABLE "material"."materials" (
    "id" SERIAL NOT NULL,
    "applicant" VARCHAR(50) NOT NULL,
    "application_date" DATE DEFAULT CURRENT_TIMESTAMP,
    "material_name" VARCHAR(500) NOT NULL,
    "specifications" VARCHAR(1000),
    "unit" VARCHAR(20),
    "code" VARCHAR(50),
    "code_prefix" VARCHAR(10),
    "explain_content" VARCHAR(100),
    "unit_code" VARCHAR(3),

    CONSTRAINT "materials_pkey" PRIMARY KEY ("id")
);

-- CreateTable
CREATE TABLE "material"."units" (
    "unit_code" VARCHAR(3) NOT NULL,
    "unit" VARCHAR(50) NOT NULL,

    CONSTRAINT "units_pkey" PRIMARY KEY ("unit_code")
);

-- CreateTable
CREATE TABLE "material"."material_code_rules" (
    "code_prefix" VARCHAR(10) NOT NULL,
    "explain_content" VARCHAR(100) NOT NULL,

    CONSTRAINT "material_code_rules_pkey" PRIMARY KEY ("code_prefix")
);

-- CreateIndex
CREATE UNIQUE INDEX "materials_code_key" ON "material"."materials"("code");

-- CreateIndex
CREATE INDEX "materials_applicant_idx" ON "material"."materials"("applicant");

-- CreateIndex
CREATE INDEX "materials_application_date_idx" ON "material"."materials"("application_date");

-- CreateIndex
CREATE INDEX "materials_code_prefix_idx" ON "material"."materials"("code_prefix");

-- CreateIndex
CREATE INDEX "materials_unit_code_idx" ON "material"."materials"("unit_code");

-- CreateIndex
CREATE INDEX "materials_material_name_idx" ON "material"."materials"("material_name");

-- CreateIndex
CREATE UNIQUE INDEX "units_unit_key" ON "material"."units"("unit");

-- AddForeignKey
ALTER TABLE "material"."materials" ADD CONSTRAINT "materials_unit_code_fkey" FOREIGN KEY ("unit_code") REFERENCES "material"."units"("unit_code") ON DELETE SET NULL ON UPDATE CASCADE;


-- Data imports from reference dump

BEGIN;
INSERT INTO "material"."units" ("unit_code", "unit") VALUES ('31', '颗'), ('32', '根'), ('04', '包'), ('06', '个'), ('09', '件'), ('01', 'kg'), ('02', 'm²'), ('03', '把'), ('05', '份'), ('07', '罐'), ('08', '盒'), ('10', '卷'), ('11', '米'), ('12', '啤'), ('13', '片'), ('14', '瓶'), ('15', '双'), ('16', '台'), ('17', '套'), ('18', '条'), ('19', '桶'), ('20', '箱'), ('21', '张'), ('22', '支'), ('23', '对'), ('24', '辆'), ('25', '袋'), ('26', '筒'), ('27', '付'), ('28', '块'), ('29', '本'), ('30', '码');
COMMIT;

BEGIN;
INSERT INTO "material"."material_code_rules" ("code_prefix", "explain_content") VALUES ('GJ', 'Herramienta工具'), ('GL', '钢料acero'), ('MJ', 'Molde模具/模架'), ('RC', '日常办公'), ('SB', 'Equipo设备'), ('SP', 'SP'), ('YL', 'Materia prima原料'), ('FL', 'Suministros Auxiliares辅料'), ('LXCS', '无'), ('MFT', '无'), ('MHA', '无'), ('NCO', '无'), ('NIC', '无'), ('MPO', '无'), ('LXCC', '无'), ('JIM', '无'), ('CW', '宠物用品'), ('NPO', '无'), ('KGFL', '客供物料por el cliente');
COMMIT;

BEGIN;
INSERT INTO "material"."materials" ("id", "applicant", "application_date", "material_name", "specifications", "unit", "code", "code_prefix", "explain_content", "unit_code") VALUES (2793, '张洋', '2026-03-05', '螺栓，配方形螺母Tornillo con tuerca cuadrada', 'M5×30-LCDLC', '套', 'FL004052', 'FL', 'Suministros Auxiliares辅料', '17'), (2794, '张洋', '2026-03-05', '热电偶Termopar', 'K2.5M，直径1.5mm-LCDLC', '套', 'FL004053', 'FL', 'Suministros Auxiliares辅料', '17'), (2133, '张洋', '2025-08-11', '黑色折边款平板保护套（成品）', 'Apple iPad Air 13 (2024) Case', '个', 'FL003709', 'FL', 'Suministros Auxiliares辅料', '06'), (2143, 'NEWMAN', '2025-08-13', 'DB02吸盘主体壳', 'DB02吸盘主体壳Succión2', '个', 'NPO1020115672', 'NPO', '无', '06'), (2137, '张洋', '2025-08-12', 'IML款IPAD平板保护套（成品）', 'Apple iPad 10th Gen (2022) Case', '个', 'FL003710', 'FL', 'Suministros Auxiliares辅料', '06'), (2138, '张洋', '2025-08-12', 'IML款IPAD平板保护套（成品）', 'Apple iPad 9th Gen (10.2-inch and 10.5-Inch) Case ', '个', 'FL003711', 'FL', 'Suministros Auxiliares辅料', '06'), (2139, '张洋', '2025-08-12', 'IML款IPAD平板保护套（成品）', 'Apple iPad Pro 11 (2024) Case ', '个', 'FL003712', 'FL', 'Suministros Auxiliares辅料', '06'), (2140, '张洋', '2025-08-12', 'IML款IPAD平板保护套（成品）', 'Apple iPad Pro 13 Case', '个', 'FL003713', 'FL', 'Suministros Auxiliares辅料', '06'), (2141, '张洋', '2025-08-12', '压花款IPAD平板保护套（成品）', 'Apple iPad Air 13 (2024) Case ', '个', 'FL003714', 'FL', 'Suministros Auxiliares辅料', '06'), (2155, 'NEWMAN', '2025-08-13', '车载支架配件Accesorios de soporte para vehículos', '塔式弹簧：Resorte en forma de torre 或 Resorte en forma de pagoda', '个', 'FL003716', 'FL', 'Suministros Auxiliares辅料', '06'), (2157, 'NEWMAN', '2025-08-13', '车载支架配件Accesorios de soporte para vehículos', 'NB 弹簧：Resorte NB', '个', 'FL003718', 'FL', 'Suministros Auxiliares辅料', '06'), (2158, 'NEWMAN', '2025-08-13', '车载支架配件Accesorios de soporte para vehículos', '螺丝（M2.0*6mm）：Tornillo M2.0 x 6mm', '个', 'FL003719', 'FL', 'Suministros Auxiliares辅料', '06'), (2142, 'NEWMAN', '2025-08-13', 'HC21吸盘软胶', 'HC21吸盘软胶Succión1', '个', 'NPO1010115671', 'NPO', '无', '06'), (2144, 'NEWMAN', '2025-08-13', 'DB02吸盘压脚', 'DB02吸盘压脚Succión3', '个', 'NPO1020115673', 'NPO', '无', '06'), (2145, 'NEWMAN', '2025-08-13', '360° 球头的出风口夹-配件A', '出风口夹-配件A Clip A', '个', 'NPO1020115774', 'NPO', '无', '06'), (2148, 'NEWMAN', '2025-08-13', 'NB底壳', 'NB底壳 Carcasa inferior', '个', 'NPO1020115877', 'NPO', '无', '06'), (2618, '张洋', '2026-01-26', '钨钢铣刀fresa de tungsteno', 'D8*24*75L', '个', 'FL003990', 'FL', 'Suministros Auxiliares辅料', '06'), (2619, '张洋', '2026-01-26', '钨钢铣刀fresa de tungsteno', 'D10*30*75L', '个', 'FL003991', 'FL', 'Suministros Auxiliares辅料', '06'), (2620, '张洋', '2026-01-26', '刀杆PORTA INSERTO D12', '300RC12-12-130', '个', 'FL003992', 'FL', 'Suministros Auxiliares辅料', '06'), (2360, '张洋', '2025-12-18', '保护继电器relé de protección', '用于喷涂线para la línea de pulverización', '个', 'FL003810', 'FL', 'Suministros Auxiliares辅料', '06'), (2361, '张洋', '2025-12-18', '带座轴承rodamiento con chumacera', '用于喷涂线para la línea de pulverización', '个', 'FL003811', 'FL', 'Suministros Auxiliares辅料', '06'), (2362, '张洋', '2025-12-18', '温度调节器regulador de temperatura', '用于喷涂线para la línea de pulverización', '个', 'FL003812', 'FL', 'Suministros Auxiliares辅料', '06'), (2204, '张洋', '2025-09-02', '亮甲斜顶', 'MT-G86-5G-PC', '个', 'GJ003961', 'GJ', 'Herramienta工具', '06'), (2795, '张洋', '2026-03-05', '螺栓，配长螺母Tornillo con tuerca larga', 'M16*200/用于将模具固定在机器上-LCDLC', '套', 'FL004054', 'FL', 'Suministros Auxiliares辅料', '17'), (2796, '张洋', '2026-03-05', '定位环Anillo de localización', '外径125mm，内径65mm-LCDLC', '套', 'FL004055', 'FL', 'Suministros Auxiliares辅料', '17'), (2797, '李仲华', '2026-03-05', '规章册CUADERNILLO', '21*14cm/134页', '本', 'RC000078', 'RC', '日常办公', '29'), (2159, 'NEWMAN', '2025-08-13', '车载支架配件Accesorios de soporte para vehículos', '螺丝（M2.6*8mm）：Tornillo M2.6 x 8mm', '个', 'FL003720', 'FL', 'Suministros Auxiliares辅料', '06'), (2160, 'NEWMAN', '2025-08-13', '车载支架配件Accesorios de soporte para vehículos', '鹅颈杯支架portador de copa de cuello de ganso', '个', 'NPO4030115502', 'NPO', '无', '06'), (2176, '张洋', '2025-08-26', '热风枪手柄', 'Mango de pistola de calor 850+', '个', 'GJ003947', 'GJ', 'Herramienta工具', '06'), (2595, '李仲华', '2026-01-16', '一盒100个RJ45模块化插头Bote con 100 Piezas de Plug Modular RJ45', '一盒100个RJ45模块化插头 / 六类(Cat 6) / 30微米镀金 / 非屏蔽 / 安装简易 / 室内使用 / 支持TIA-568B标准 / 符合RoHS 2.0环保指令', '个', 'FL003968', 'FL', 'Suministros Auxiliares辅料', '06'), (2596, '李仲华', '2026-01-16', '线缆卡钉Grapa para cable', '6毫米白色圆形线缆卡钉', '个', 'FL003969', 'FL', 'Suministros Auxiliares辅料', '06'), (2597, '李仲华', '2026-01-16', 'PVC接线盒Caja de derivación de PVC', 'PVC接线盒，6个进线口，螺丝固定盖，尺寸100x100x50毫米', '个', 'FL003970', 'FL', 'Suministros Auxiliares辅料', '06'), (2601, '张洋', '2026-01-20', '切纸机刀垫Almohadilla de cuchilla para cortadora de papel', '40D', '个', 'FL003974', 'FL', 'Suministros Auxiliares辅料', '06'), (2604, '张洋', '2026-01-20', 'CNC刀具Herramientas CNC', '单刃右螺旋3*8*7*3.175', '个', 'FL003977', 'FL', 'Suministros Auxiliares辅料', '06'), (2605, '李仲华', '2026-01-21', '镂空A4磁吸文件袋Carpeta archivadora A4 magnética con ventana recortada', 'A4/横款/蓝色', '个', 'FL003978', 'FL', 'Suministros Auxiliares辅料', '06'), (2608, '张洋', '2026-01-21', 'CNC治具Herramienta de sujeción para CNC', 'IPAD-9th', '个', 'FL003981', 'FL', 'Suministros Auxiliares辅料', '06'), (2609, '张洋', '2026-01-21', 'CNC治具Herramienta de sujeción para CNC', 'IPAD-10th', '个', 'FL003982', 'FL', 'Suministros Auxiliares辅料', '06'), (2610, '张洋', '2026-01-21', 'CNC治具Herramienta de sujeción para CNC', 'IPAD-pro11', '个', 'FL003983', 'FL', 'Suministros Auxiliares辅料', '06'), (2611, '张洋', '2026-01-21', 'CNC治具Herramienta de sujeción para CNC', 'IPAD-pro13', '个', 'FL003984', 'FL', 'Suministros Auxiliares辅料', '06'), (2612, '许恩婷', '2026-01-21', '泡泡玛特盲盒', NULL, '个', 'RC000076', 'RC', '日常办公', '06'), (2613, '翟泽洋', '2026-01-23', '圆形标贴（new heyday）', '圆形标贴（new heyday）', '个', 'FL003985', 'FL', 'Suministros Auxiliares辅料', '06'), (2614, '张洋', '2026-01-26', '气压阀Válvula neumática', '机械手配件', '个', 'FL003986', 'FL', 'Suministros Auxiliares辅料', '06'), (2616, '张洋', '2026-01-26', '钨钢铣刀fresa de tungsteno', 'D4*10*50L', '个', 'FL003988', 'FL', 'Suministros Auxiliares辅料', '06'), (2798, '张洋', '2026-03-05', '热电偶Termopar', '非K2M-LCDLC', '套', 'FL004056', 'FL', 'Suministros Auxiliares辅料', '17'), (2557, '李仲华', '2026-01-14', '色粉pigmento en polvo', '粉色编号： 250524', '包', 'FL003941', 'FL', 'Suministros Auxiliares辅料', '04'), (2602, '张洋', '2026-01-20', '无尘布Paño antiestático', '6寸', '包', 'FL003975', 'FL', 'Suministros Auxiliares辅料', '04'), (2603, '张洋', '2026-01-20', '手指套Cubrecodos', '大号', '包', 'FL003976', 'FL', 'Suministros Auxiliares辅料', '04'), (2606, '张洋', '2026-01-21', '色粉pigmento en polvo', '粉色： 250524，用于IML平板保护套', '包', 'FL003979', 'FL', 'Suministros Auxiliares辅料', '04'), (2740, '罗华', '2026-02-26', '金属吊牌', '正反蓝色爱心', '个', 'CW000051', 'CW', '宠物用品', '06'), (2617, '张洋', '2026-01-26', '钨钢铣刀fresa de tungsteno', 'D6*15*50L', '个', 'FL003989', 'FL', 'Suministros Auxiliares辅料', '06'), (2205, '李武德', '2025-09-03', '机械手配件', '机械手爪子炳', '个', 'GJ002191', 'GJ', 'Herramienta工具', '06'), (2208, '李仲华', '2025-09-03', '热敏纸', '100*150mm', '个', 'FL003741', 'FL', 'Suministros Auxiliares辅料', '06'), (2209, '李仲华', '2025-09-03', '热敏纸', '60*40mm', '个', 'FL003742', 'FL', 'Suministros Auxiliares辅料', '06'), (2210, '李仲华', '2025-09-03', '热熔胶纸Hot Melt Adhesive Paper', '黑色折边款/平板套', '个', 'FL003743', 'FL', 'Suministros Auxiliares辅料', '06'), (2224, '张洋', '2025-09-09', '心形手机壳', 'IP 16e/15/14/13', '个', 'NCO4030116307', 'NCO', '无', '06'), (2225, '张洋', '2025-09-09', '心形手机壳', 'IP 16', '个', 'NCO4030105807', 'NCO', '无', '06'), (2357, '张洋', '2025-12-18', '电动机 motor eléctrico', '用于喷涂线para la línea de pulverización', '件', 'FL003807', 'FL', 'Suministros Auxiliares辅料', '09'), (2469, '许恩婷', '2026-01-06', '得力剪刀', '黑色', '把', 'RC000074', 'RC', '日常办公', '03'), (2226, '张洋', '2025-09-09', '心形手机壳', 'IP 16 Pro', '个', 'NCO4030106207', 'NCO', '无', '06'), (2227, '张洋', '2025-09-09', '心形手机壳', 'IP 16 Pro Max', '个', 'NCO4030106407', 'NCO', '无', '06'), (2228, '张洋', '2025-09-09', '心形手机壳', 'IP 17', '个', 'NCO4030115207', 'NCO', '无', '06'), (2363, '张洋', '2025-12-18', '功率调整器regulador de potencia', '用于喷涂线para la línea de pulverización', '个', 'FL003813', 'FL', 'Suministros Auxiliares辅料', '06'), (2230, '张洋', '2025-09-09', '心形手机壳', 'IP 17 Air', '个', 'NCO4030114307', 'NCO', '无', '06'), (2232, '张洋', '2025-09-10', '针头点胶机用', '22号', '个', 'GJ003260', 'GJ', 'Herramienta工具', '06'), (2233, '张洋', '2025-09-10', '顶针', '13Ｘ160mm/M8.0', '个', 'GJ003990', 'GJ', 'Herramienta工具', '06'), (2146, 'NEWMAN', '2025-08-13', '360° 球头的出风口夹-配件B', '出风口夹-配件B Clip B', '个', 'NPO1020115775', 'NPO', '无', '06'), (2147, 'NEWMAN', '2025-08-13', '360° 球头的出风口夹-配件C', '出风口夹-配件C Clip C', '个', 'NPO1020115776', 'NPO', '无', '06'), (2149, 'NEWMAN', '2025-08-13', 'NB硅胶垫', 'NB硅胶垫 Punto de silicona', '个', 'NPO1010115878', 'NPO', '无', '06'), (2150, 'NEWMAN', '2025-08-13', 'NB右侧夹子', 'NB右侧夹子 Clip derecha', '个', 'NPO1020115879', 'NPO', '无', '06'), (2314, '张洋', '2025-11-03', '发热管RESISTENCIA YIZUMI', '50E 220V', '个', 'FL003774', 'FL', 'Suministros Auxiliares辅料', '06'), (2315, '张洋', '2025-11-03', '发热管RESISTENCIA KSM Y HAITIAN', '50E 440V', '个', 'FL003775', 'FL', 'Suministros Auxiliares辅料', '06'), (2655, '张洋', '2026-02-02', '发热圈RESITENCIAS PRIMERA ZONA  ', '50X40 440V-250W', '个', 'FL004008', 'FL', 'Suministros Auxiliares辅料', '06'), (2656, '张洋', '2026-02-02', '发热圈RESITENCIAS PRIMERA ZONA ', '100X40 A 220V-250W', '个', 'FL004009', 'FL', 'Suministros Auxiliares辅料', '06'), (2657, '张洋', '2026-02-02', '发热圈RESITENCIAS PRIMERA ZONA ', '30X45 -440V-250W', '个', 'FL004010', 'FL', 'Suministros Auxiliares辅料', '06'), (2658, '张洋', '2026-02-02', '发热圈RESITENCIAS PRIMERA ZONA ', '36X45 A 220V-250W', '个', 'FL004011', 'FL', 'Suministros Auxiliares辅料', '06'), (2234, '张洋', '2025-09-10', '顶针', '8Ｘ100mm', '个', 'GJ001593', 'GJ', 'Herramienta工具', '06'), (2152, 'NEWMAN', '2025-08-13', 'NB面壳', 'NB面壳 Carcasa frontal', '个', 'NPO1020115881', 'NPO', '无', '06'), (2153, 'NEWMAN', '2025-08-13', '内径20.6mm螺母盖', '内径20.6mm螺母盖 Tapa de tuerca', '个', 'NPO1020115882', 'NPO', '无', '06'), (2177, '张洋', '2025-08-26', '电烙铁', '110V', '个', 'GJ003948', 'GJ', 'Herramienta工具', '06'), (2236, '李仲华', '2025-09-11', '生产周期标签', '20*10*0.15（25 40 Y）', '个', 'FL003744', 'FL', 'Suministros Auxiliares辅料', '06'), (2484, '张洋', '2026-01-12', '粉色通用210D超纤（面、底）Microfibra universal de 210D rosa (Superficie y Suela)', '用于IML款平板保护套', '个', 'FL003879', 'FL', 'Suministros Auxiliares辅料', '06'), (2485, '张洋', '2026-01-12', 'UV款蓝色机壳超纤（共用）Microfibra para carcasa de máquina azul versión UV (Común)', '用于罂粟花款平板保护套', '个', 'FL003880', 'FL', 'Suministros Auxiliares辅料', '06'), (2591, 'Tony', '2026-01-16', '金属吊牌', '4cm', '个', 'CW000022', 'CW', '宠物用品', '06'), (2281, '李仲华', '2025-10-09', '笔记本内存条Módulo de memoria para portátil', '8GB/DDR4 3200', '个', 'SB000453', 'SB', 'Equipo设备', '06'), (2747, '张洋', '2026-03-02', '双层油漆软管manguera paint de doble forro', '5x8/100m', '卷', 'FL004050', 'FL', 'Suministros Auxiliares辅料', '10'), (2282, '李仲华', '2025-10-09', '笔记本充电器Cargador para portátil', 'Type-C/65W/20V3.25A/兼5V-15V3A', '个', 'SB000454', 'SB', 'Equipo设备', '06'), (2283, '李仲华', '2025-10-09', '笔记本充电器Cargador para portátil', '19V3.42A 3.423', '个', 'SB000455', 'SB', 'Equipo设备', '06'), (2311, '张洋', '2025-10-30', '色母粒Materias primas de TPU', '紫色实色', 'kg', 'FL003772', 'FL', 'Suministros Auxiliares辅料', '01'), (2310, '张洋', '2025-10-30', '色母粒Materias primas de TPU', '紫色透色', 'kg', 'FL003771', 'FL', 'Suministros Auxiliares辅料', '01'), (2309, '张洋', '2025-10-30', '色母粒Materias primas de TPU', '蓝色实色', 'kg', 'FL003770', 'FL', 'Suministros Auxiliares辅料', '01'), (2284, '张洋', '2025-10-14', '手机壳泡棉espuma para funda de teléfono', '6.1寸，8mm厚', '个', 'FL003761', 'FL', 'Suministros Auxiliares辅料', '06'), (2285, '张洋', '2025-10-14', '手机壳泡棉espuma para funda de teléfono', '6.7寸，8mm厚', '个', 'FL003762', 'FL', 'Suministros Auxiliares辅料', '06'), (2286, '张洋', '2025-10-14', '手机壳泡棉espuma para funda de teléfono', '6.6寸，8mm厚', '个', 'FL003763', 'FL', 'Suministros Auxiliares辅料', '06'), (2288, '张洋', '2025-10-15', '亮甲斜顶techo oblicuo con costura brillante', 'XM Redmi 15 5G', '个', 'GJ004000', 'GJ', 'Herramienta工具', '06'), (2289, '张洋', '2025-10-15', '亮甲斜顶techo oblicuo con costura brillante', 'VO V50 Lite 5G', '个', 'GJ004001', 'GJ', 'Herramienta工具', '06'), (2290, '张洋', '2025-10-15', '亮甲斜顶techo oblicuo con costura brillante', 'OP Reno14 F 5G', '个', 'GJ004002', 'GJ', 'Herramienta工具', '06'), (2342, '张洋', '2025-11-19', 'PET片材 PETsheet', 'IP 16 pro max白色磁铁内膜', '个', 'FL003793', 'FL', 'Suministros Auxiliares辅料', '06'), (2291, '张洋', '2025-10-16', '手机保护套 funda protectora para teléfono', 'iPhone 15枪色（080-08-4865）', '个', 'JIM1030089740', 'JIM', '无', '06'), (2292, '张洋', '2025-10-16', '手机保护套 funda protectora para teléfono', 'iPhone 16白色磁铁圈（080-07-3246）', '个', 'JIM1030105862', 'JIM', '无', '06'), (2293, '张洋', '2025-10-17', '珍珠棉Espuma EPE', '利仔珍珠棉', '个', 'FL003708', 'FL', 'Suministros Auxiliares辅料', '06'), (2271, '罗欣然', '2025-09-28', '手机挂绳', '斑斓黑', '条', 'LXCC2509118002', 'LXCC', '无', '18'), (2294, '张洋', '2025-10-21', '双螺纹接头CONEXION DE DOBLE ROSCA', 'M12', '个', 'FL003765', 'FL', 'Suministros Auxiliares辅料', '06'), (2295, '李仲华', '2025-10-21', '纸箱caja de cartón', '46.5*47.5*25', '个', 'FL003766', 'FL', 'Suministros Auxiliares辅料', '06'), (2296, '李仲华', '2025-10-21', '纸箱caja de cartón', '46.5*47.5*8.5', '个', 'FL003767', 'FL', 'Suministros Auxiliares辅料', '06'), (2297, '张洋', '2025-10-22', '气泡袋Bolsa de Burbujas de Aire', 'TK项目', '个', 'FL003768', 'FL', 'Suministros Auxiliares辅料', '06'), (2307, '李仲华', '2025-10-29', '自动螺丝供料机Alimentador automático de tornillos', '1mm-5mm/L20mm以下', '个', 'SB000456', 'SB', 'Equipo设备', '06'), (2312, '张洋', '2025-10-30', '亮甲斜顶techo oblicuo con costura brillante', 'HR X5c 4G', '个', 'SB000457', 'SB', 'Equipo设备', '06'), (2760, '李炎鹏', '2026-03-03', '逗猫棒', '蓝色', '个', 'CW000055', 'CW', '宠物用品', '06'), (2178, '张洋', '2025-08-26', '平板PO袋（带警告印刷）小款bolsillo PO tableta', '23*32cm', '个', 'FL003721', 'FL', 'Suministros Auxiliares辅料', '06'), (2179, '张洋', '2025-08-26', '平板PO袋（带警告印刷）大款bolsillo PO tableta', '27*36cm', '个', 'FL003722', 'FL', 'Suministros Auxiliares辅料', '06'), (2180, '张洋', '2025-08-26', '平板PO袋（带警告印刷）特大款bolsillo PO tableta', '32*36cm', '个', 'FL003723', 'FL', 'Suministros Auxiliares辅料', '06'), (2182, '张洋', '2025-08-28', '吸盘定位治具', '车载支架系列', '个', 'GJ003949', 'GJ', 'Herramienta工具', '06'), (2183, '李仲华', '2025-09-01', '平板套治具1', '黑色折边款-打高周波的定位治具Fixture de localización para soldadura por alta frecuencia del modelo de reborde negro', '个', 'GJ003950', 'GJ', 'Herramienta工具', '06'), (2659, '张洋', '2026-02-02', '发热圈RESITENCIAS SEGUNDA ZONA ', '105X120 A 220V-400W', '个', 'FL004012', 'FL', 'Suministros Auxiliares辅料', '06'), (2660, '张洋', '2026-02-02', '快速接头CONECTOR RACOR', ' #8-3/8', '个', 'FL004013', 'FL', 'Suministros Auxiliares辅料', '06'), (2318, '张洋', '2025-11-04', '平板电脑外壳压合治具Herramienta de prensado para carcasa de tableta', '10th', '个', 'GJ004008', 'GJ', 'Herramienta工具', '06'), (2319, '张洋', '2025-11-04', '平板电脑外壳压合治具Herramienta de prensado para carcasa de tableta', '9th', '个', 'GJ004009', 'GJ', 'Herramienta工具', '06'), (2320, '张洋', '2025-11-04', '平板电脑外壳压合治具Herramienta de prensado para carcasa de tableta', 'pro 11', '个', 'GJ004010', 'GJ', 'Herramienta工具', '06'), (2389, '张洋', '2025-12-26', '休眠磁铁Iman de reposo', '用于黑色折边平板套Funda negra con bordes doblados para tablet', '颗', 'FL003839', 'FL', 'Suministros Auxiliares辅料', '31'), (2666, '许恩婷', '2026-02-02', '电动车车把手锁头', NULL, '个', 'RC000077', 'RC', '日常办公', '06'), (2673, '李仲华', '2026-02-02', '变频器主板Placa base del inversor', '捷豹/主板DY650-4T30-HS', '个', 'FL004020', 'FL', 'Suministros Auxiliares辅料', '06'), (2674, '周文杰', '2026-02-02', '彩盒Color box', NULL, '个', 'FL004021', 'FL', 'Suministros Auxiliares辅料', '06'), (2677, '周文杰', '2026-02-03', '磁吸Magnet', NULL, '个', 'FL004023', 'FL', 'Suministros Auxiliares辅料', '06'), (2687, '李仲华', '2026-02-04', '继电器RELEVADOR', 'DC24V', '个', 'FL004032', 'FL', 'Suministros Auxiliares辅料', '06'), (2688, '李仲华', '2026-02-04', '固态继电器CONTROLADOR DE ETADO SÓLIDO', 'KYRP480L40P', '个', 'FL004033', 'FL', 'Suministros Auxiliares辅料', '06'), (2689, '李仲华', '2026-02-04', '电磁阀VALVULA DIRECCIONAL', '4WE-N9K4', '个', 'FL004034', 'FL', 'Suministros Auxiliares辅料', '06'), (2690, '李仲华', '2026-02-04', '变压器TRANSFORMADOR', '输入电压220V/380V-输出电压24V', '个', 'FL004035', 'FL', 'Suministros Auxiliares辅料', '06'), (2691, '李炎鹏', '2026-02-06', '狗狗召唤器', '小丑摆摆锤 摇晃发声 13*22cm', '个', 'CW000035', 'CW', '宠物用品', '06'), (2203, '张洋', '2025-09-02', '亮甲斜顶', 'MT-G86-5G-TPU', '个', 'GJ003960', 'GJ', 'Herramienta工具', '06'), (2667, '翟泽洋', '2026-02-02', 'RFID', '080-07-9931', '个', 'KGFL000463', 'KGFL', '客供物料por el cliente', '06'), (2692, '李炎鹏', '2026-02-06', '狗狗召唤器', '小兔捏捏帽 捏捏发声 22*12cm', '个', 'CW000036', 'CW', '宠物用品', '06'), (2693, '李炎鹏', '2026-02-06', '撸猫脱毛手套', '蓝色', '个', 'CW000037', 'CW', '宠物用品', '06'), (2301, '张洋', '2025-10-27', '电动螺丝刀PISTOLAS NEUMÁTICAS', '含锂电池', '个', 'GJ004015', 'GJ', 'Herramienta工具', '06'), (2196, '张洋', '2025-09-02', '心形手机保护套', 'IP 16', '个', 'NCO4030116309', 'NCO', '无', '06'), (2197, '张洋', '2025-09-02', '心形手机保护套', 'IP 16 Pro', '个', 'NCO4030116310', 'NCO', '无', '06'), (2198, '张洋', '2025-09-02', '心形手机保护套', 'IP 16 Pro Max', '个', 'NCO4030116311', 'NCO', '无', '06'), (2199, '张洋', '2025-09-02', '心形手机保护套', 'IP 17', '个', 'NCO4030116312', 'NCO', '无', '06'), (2200, '张洋', '2025-09-02', '心形手机保护套', 'IP 17 pro', '个', 'NCO4030116313', 'NCO', '无', '06'), (2201, '张洋', '2025-09-02', '心形手机保护套', 'IP 17 Air', '个', 'NCO4030116314', 'NCO', '无', '06'), (2231, '张洋', '2025-09-09', '心形手机壳', 'IP 17 pro max', '个', 'NCO4030116315', 'NCO', '无', '06'), (2707, '张洋', '2026-02-09', '流量阀válvula de flujo', '注塑机配件accesorios para inyectora', '个', 'SB000460', 'SB', 'Equipo设备', '06'), (2241, '罗欣然', '2025-09-15', '硅胶吸盘磁吸手机支架soporte de móvil con succión de silicona y imán', '白色', '个', 'LXCS2509117404', 'LXCS', '无', '06'), (2708, '张洋', '2026-02-09', '模具配件', 'molde Waveshell', '个', 'FL004048', 'MJ', 'Molde模具/模架', '06'), (2242, '罗欣然', '2025-09-15', '硅胶吸盘磁吸手机支架soporte de móvil con succión de silicona y imán', '粉色', '个', 'LXCS2509117406', 'LXCS', '无', '06'), (2326, '张洋', '2025-11-04', '起钉器Extractor de grapas', '常规', '个', 'FL003779', 'FL', 'Suministros Auxiliares辅料', '06'), (2327, '张洋', '2025-11-04', '英文字码Código alfabético inglés', '常规', '个', 'FL003780', 'FL', 'Suministros Auxiliares辅料', '06'), (2328, '张洋', '2025-11-04', '纱线Hilo', '常规', '个', 'FL003781', 'FL', 'Suministros Auxiliares辅料', '06'), (2329, '张洋', '2025-11-04', '封包机Máquina de sellado de paquetes', '常规', '个', 'FL003782', 'FL', 'Suministros Auxiliares辅料', '06'), (2330, '张洋', '2025-11-06', '亮甲斜顶techo oblicuo con costura brillante', 'SM Galaxy S25 FE 5G', '个', 'GJ004014', 'GJ', 'Herramienta工具', '06'), (2331, '张洋', '2025-11-07', '自动螺丝供给机Máquina suministradora automática de tornillos', '用于供给螺丝', '个', 'SB000458', 'SB', 'Equipo设备', '06'), (2335, '骆思颖', '2025-11-14', '打印手机壳样品', '三星s25fe ', '个', 'FL003786', 'FL', 'Suministros Auxiliares辅料', '06'), (2237, '李仲华', '2025-09-11', '生产周期标签', '20*10*0.15（25 39 Y）', '个', 'FL003745', 'FL', 'Suministros Auxiliares辅料', '06'), (2238, '张洋', '2025-09-11', '平板套磁铁', '20×10×0.8mm', '个', 'FL003746', 'FL', 'Suministros Auxiliares辅料', '06'), (2239, '罗欣然', '2025-09-15', '手机可旋转支架soporte de móvil giratorio', '环形', '个', 'LXCS2509117202', 'LXCS', '无', '06'), (2240, '罗欣然', '2025-09-15', '手机可旋转支架soporte de móvil giratorio', '杆形', '个', 'LXCS2509117302', 'LXCS', '无', '06'), (2365, '张洋', '2025-12-22', '穿孔机止水塞配件Accesorio de tapón de cierre de agua para máquina de perforación', ' ZG230', '个', 'FL003815', 'FL', 'Suministros Auxiliares辅料', '06'), (2366, '张洋', '2025-12-22', '穿孔机导向器Guía para máquina de perforación', '0.4×12×25', '个', 'FL003816', 'FL', 'Suministros Auxiliares辅料', '06'), (2367, '张洋', '2025-12-22', '穿孔机导向器Guía para máquina de perforación', '0.8×12×25 ', '个', 'FL003817', 'FL', 'Suministros Auxiliares辅料', '06'), (2368, '张洋', '2025-12-22', '穿孔机导向器Guía para máquina de perforación', '1.0×12×25', '个', 'FL003818', 'FL', 'Suministros Auxiliares辅料', '06'), (2390, '张洋', '2025-12-26', 'PET片材 PETsheet', 'IP 15/16e粉色小花内膜', '个', 'FL003840', 'FL', 'Suministros Auxiliares辅料', '06'), (2391, '张洋', '2025-12-26', 'PET片材 PETsheet', 'IP 15/16e粉色小花外膜', '个', 'FL003841', 'FL', 'Suministros Auxiliares辅料', '06'), (2316, '张洋', '2025-11-04', '高温线CABLE ALTA TEMPERATURA 500° CALIBRE 14,600 VOLTS', '温度500℃，量程14，电压600v', '卷', 'FL003776', 'FL', 'Suministros Auxiliares辅料', '10'), (2407, '张洋', '2025-12-29', '标签纸label paper', '100.15', '卷', 'FL003857', 'FL', 'Suministros Auxiliares辅料', '10'), (2514, '张洋', '2026-01-13', '铁氟龙材料Material de Teflón', '用于平板套Funda para tableta', '卷', 'FL003909', 'FL', 'Suministros Auxiliares辅料', '10'), (2515, '张洋', '2026-01-13', '白色硅胶材料White Silicone Material', '用于平板套Funda para tableta', '卷', 'FL003910', 'FL', 'Suministros Auxiliares辅料', '10'), (2585, '张洋', '2026-01-16', '聚脂布Tela de poliéster', '120cm*10M', '卷', 'FL003962', 'FL', 'Suministros Auxiliares辅料', '10'), (2593, '李仲华', '2026-01-16', '305米Cat6网线Bobina de cable de 305 metros Cat6', 'CM等级，24 AWG线规，高性能，ETL认证，UL认证，蓝色，超柔韧，适用于视频监控、高清视频及数据网络应用。', '卷', 'FL003966', 'FL', 'Suministros Auxiliares辅料', '10'), (2134, '李武德', '2025-08-12', '冰盾片材', 'SM Galaxy A17', '片', 'NIC1020116604', 'NIC', '无', '13'), (2135, '李武德', '2025-08-12', '冰盾片材', 'IP 13 Pro', '片', 'NIC1020062904', 'NIC', '无', '13'), (2136, '李武德', '2025-08-12', '冰盾片材', 'IP 13 Pro Max', '片', 'NIC1020063004', 'NIC', '无', '13'), (2181, '张洋', '2025-08-28', 'PC片材', 'IP 17', '片', 'NIC1020116611', 'NIC', '无', '13'), (2187, '李武德', '2025-09-01', '冰盾片材', 'IP17AIR', '片', 'NIC1020116605', 'NIC', '无', '13'), (2189, '李武德', '2025-09-01', '冰盾片材', 'IP17PRO', '片', 'NIC1020116606', 'NIC', '无', '13'), (2211, '张洋', '2025-09-04', '金刚透甲片材', 'PC/透明白底/T1.5mm/iPhone 16 ', '片', 'NIC1020116607', 'NIC', '无', '13'), (2213, '张洋', '2025-09-04', '金刚透甲片材', 'PC/透明白底/T1.5mm/iPhone 15', '片', 'NIC1020116608', 'NIC', '无', '13'), (2214, '张洋', '2025-09-04', '金刚透甲片材', 'PC/透明白底/T1.5mm/iPhone 17', '片', 'NIC1020116609', 'NIC', '无', '13'), (2217, '张洋', '2025-09-04', '金刚透甲片材', 'PC/透明白底/T1.5mm/iPhone 17 Pro MAX', '片', 'NIC1020116610', 'NIC', '无', '13'), (2206, '李仲华', '2025-09-03', '打标机', 'N31联单打印机/80mm', '台', 'GJ003962', 'GJ', 'Herramienta工具', '16'), (2207, '李仲华', '2025-09-03', '扫描仪', '驰腾品牌/30万像素', '台', 'GJ003963', 'GJ', 'Herramienta工具', '16'), (2235, '李仲华', '2025-09-10', '点胶机', '400*400行程/220V', '台', 'SB000450', 'SB', 'Equipo设备', '16'), (2474, '张洋', '2026-01-07', '散热风扇Ventilador de refrigeración', '型号：NBL-WAQ9HNR/用于HR MagicBook 14', '台', 'FL003869', 'FL', 'Suministros Auxiliares辅料', '16'), (2132, 'ken', '2025-08-07', '笔记本电脑', 'I5-16G-256', '台', 'SB000001', 'SB', 'Equipo设备', '16'), (2163, '张洋', '2025-08-15', '三菱系统键盘加I0板', '三菱系统', '套', 'GJ003940', 'GJ', 'Herramienta工具', '17'), (2164, 'NEWMAN', '2025-08-17', '超级队长 IP17PROMAX -TPU', ' IP17PROMAX-TPU', '套', 'MHA101145', 'MHA', '无', '17'), (2165, 'NEWMAN', '2025-08-17', '超级队长 IP17PROMAX -PC', ' IP17PROMAX-PC', '套', 'MHA201145', 'MHA', '无', '17'), (2166, 'NEWMAN', '2025-08-17', '超级队长 IP17PROMAX -TPU', ' IP17PRO-TPU', '套', 'MHA101144', 'MHA', '无', '17'), (2167, 'NEWMAN', '2025-08-17', '超级队长 IP17PROMAX -PC', ' IP17PRO-PC', '套', 'MHA201144', 'MHA', '无', '17'), (2168, 'NEWMAN', '2025-08-17', '超级队长 IP17PROMAX -TPU', ' IP17-TPU', '套', 'MHA101152', 'MHA', '无', '17'), (2169, 'NEWMAN', '2025-08-17', '超级队长 IP17PROMAX -PC', ' IP17-PC', '套', 'MHA201152', 'MHA', '无', '17'), (2171, '张洋', '2025-08-22', '冲口模', 'IP17ProDW手机壳-亮面-TPU', '套', 'GJ003941', 'GJ', 'Herramienta工具', '17'), (2161, 'NEWMAN', '2025-08-13', 'portador 3 en 1 组装+包装', 'portador 3 en 1(1)2套', '套', 'NPO4030115302', 'NPO', '无', '17'), (2170, 'NEWMAN', '2025-08-18', '电动螺丝刀', NULL, '套', 'GJ003946', 'GJ', 'Herramienta工具', '17'), (2162, 'NEWMAN', '2025-08-13', 'portador 3 en 1 组装+包装', 'portador 3 en 1(2)2套', '套', 'NPO4030115402', 'NPO', '无', '17'), (2172, '张洋', '2025-08-22', '冲口模', 'IP17ProDW手机壳-磨砂面-TPU', '套', 'GJ003942', 'GJ', 'Herramienta工具', '17'), (2384, '张洋', '2025-12-26', '电压上模具Molde superior para prensado electrico', '用于黑色折边平板套Funda negra con bordes doblados para tablet', '套', 'FL003834', 'FL', 'Suministros Auxiliares辅料', '17'), (2385, '张洋', '2025-12-26', '冲孔夹具Dispositivo de sujecion parapunzonado', '用于黑色折边平板套Funda negra con bordes doblados para tablet', '套', 'FL003835', 'FL', 'Suministros Auxiliares辅料', '17'), (2509, '张洋', '2026-01-12', '高敏感测磁器Detector magnético de alta sensibilidad', 'Apple iPad 9th', '套', 'FL003904', 'FL', 'Suministros Auxiliares辅料', '17'), (2510, '张洋', '2026-01-12', '高敏感测磁器Detector magnético de alta sensibilidad', 'Apple iPad 11th', '套', 'FL003905', 'FL', 'Suministros Auxiliares辅料', '17'), (2511, '张洋', '2026-01-12', '高敏感测磁器Detector magnético de alta sensibilidad', 'Apple iPad 13PRO', '套', 'FL003906', 'FL', 'Suministros Auxiliares辅料', '17'), (2745, '张洋', '2026-03-02', '纸箱', 'heyday 26july新款包装纸箱（21*17*23CM）', '个', 'FL004049', 'FL', 'Suministros Auxiliares辅料', '06'), (2748, '廖梓涛', '2026-03-03', '平头塞有线耳机', NULL, '个', 'FL004051', 'FL', 'Suministros Auxiliares辅料', '06'), (2463, '张洋', '2025-12-31', '刀模（内）Troquel interno', 'IML-IPAD  Pro13', '个', 'FL003864', 'FL', 'Suministros Auxiliares辅料', '06'), (2336, '张洋', '2025-11-19', 'PET片材 PETsheet', 'IP 16e/15/14/13枪色磁铁圈内膜', '个', 'FL003787', 'FL', 'Suministros Auxiliares辅料', '06'), (2337, '张洋', '2025-11-19', 'PET片材 PETsheet', 'IP 15 pro枪色磁铁圈内膜', '个', 'FL003788', 'FL', 'Suministros Auxiliares辅料', '06'), (2338, '张洋', '2025-11-19', 'PET片材 PETsheet', 'IP 15 pro max枪色磁铁圈内膜', '个', 'FL003789', 'FL', 'Suministros Auxiliares辅料', '06'), (2339, '张洋', '2025-11-19', 'PET片材 PETsheet', 'IP 16白色磁铁内膜', '个', 'FL003790', 'FL', 'Suministros Auxiliares辅料', '06'), (2340, '张洋', '2025-11-19', 'PET片材 PETsheet', 'IP 16 pro白色磁铁内膜', '个', 'FL003791', 'FL', 'Suministros Auxiliares辅料', '06'), (2341, '张洋', '2025-11-19', 'PET片材 PETsheet', 'IP 16 plus白色磁铁内膜', '个', 'FL003792', 'FL', 'Suministros Auxiliares辅料', '06'), (2343, '张洋', '2025-11-19', 'PET片材 PETsheet', 'IP 17白色磁铁内膜', '个', 'FL003794', 'FL', 'Suministros Auxiliares辅料', '06'), (2300, '张洋', '2025-10-24', '标签纸样板enviar la muestra de hoja de etiquetas', '样板', '个', 'FL004036', 'FL', 'Suministros Auxiliares辅料', '06'), (2763, '李炎鹏', '2026-03-03', '粪便收拾器', '包包型拾便器【蓝色】', '个', 'CW000058', 'CW', '宠物用品', '06'), (2594, '李仲华', '2026-01-16', '移动硬盘Disco Duro Externo', '移动固态硬盘，NVMe协议，1TB容量，USB-C接口，黑色 - 随附Thunderbolt 3（雷电3）数据线，适用于用户备份', '个', 'FL003967', 'FL', 'Suministros Auxiliares辅料', '06'), (2470, '许恩婷', '2026-01-06', '得力削笔器', '黑色', '个', 'RC000075', 'RC', '日常办公', '06'), (2442, '许恩婷', '2025-12-31', '体温枪', NULL, '个', 'RC000055', 'RC', '日常办公', '06'), (2863, '李炎鹏', '2026-03-17', '逗猫棒', '黑色', '个', 'CW000063', 'CW', '宠物用品', '06'), (2864, '李炎鹏', '2026-03-17', '逗猫棒', '粉色', '个', 'CW000064', 'CW', '宠物用品', '06'), (2865, '李炎鹏', '2026-03-17', '折叠饮水杯', '浅灰色', '个', 'CW000065', 'CW', '宠物用品', '06'), (2866, '李炎鹏', '2026-03-17', '折叠饮水杯', '迷彩色', '个', 'CW000066', 'CW', '宠物用品', '06'), (2512, '张洋', '2026-01-12', '高敏感测磁器Detector magnético de alta sensibilidad', 'Apple iPad 13AIR', '套', 'FL003907', 'FL', 'Suministros Auxiliares辅料', '17'), (2516, '张洋', '2026-01-13', '热压模具', '13 PRO/压面料', '套', 'FL003911', 'FL', 'Suministros Auxiliares辅料', '17'), (2517, '张洋', '2026-01-13', '热压模具', '13 PRO/压里料', '套', 'FL003912', 'FL', 'Suministros Auxiliares辅料', '17'), (2518, '张洋', '2026-01-13', '热压模具', 'AIR 13/压面料', '套', 'FL003913', 'FL', 'Suministros Auxiliares辅料', '17'), (2519, '张洋', '2026-01-13', '热压模具', 'AIR 13/压里料', '套', 'FL003914', 'FL', 'Suministros Auxiliares辅料', '17'), (2520, '张洋', '2026-01-13', '热压模具', '11 PRO/压板材', '套', 'FL003915', 'FL', 'Suministros Auxiliares辅料', '17'), (2521, '张洋', '2026-01-13', '热压模具', '11 PRO/压面料', '套', 'FL003916', 'FL', 'Suministros Auxiliares辅料', '17'), (2523, '张洋', '2026-01-13', '热压模具', '10tH/压面料', '套', 'FL003918', 'FL', 'Suministros Auxiliares辅料', '17'), (2524, '张洋', '2026-01-13', '热压模具', '9tH/压板材', '套', 'FL003919', 'FL', 'Suministros Auxiliares辅料', '17'), (2525, '张洋', '2026-01-13', '热压模具', '9tH/压面料', '套', 'FL003920', 'FL', 'Suministros Auxiliares辅料', '17'), (2526, '张洋', '2026-01-13', '热压模具', '利仔压板材', '套', 'FL003921', 'FL', 'Suministros Auxiliares辅料', '17'), (2527, '张洋', '2026-01-13', '热压模具', '利仔压面料', '套', 'FL003922', 'FL', 'Suministros Auxiliares辅料', '17'), (2533, '张洋', '2026-01-13', '封磁治具Herramienta de sellado magnético', '贴板材', '套', 'FL003928', 'FL', 'Suministros Auxiliares辅料', '17'), (2568, '李仲华', '2026-01-14', '定位治具Herramienta de localización en Baquelita', '9th/锣机壳摄像头/电木板材质', '套', 'FL003952', 'FL', 'Suministros Auxiliares辅料', '17'), (2569, '李仲华', '2026-01-14', '定位治具Herramienta de localización en Baquelita', '10th/锣机壳摄像头/电木板材质', '套', 'FL003953', 'FL', 'Suministros Auxiliares辅料', '17'), (2570, '李仲华', '2026-01-14', '定位治具Herramienta de localización en Baquelita', 'pro11/锣机壳摄像头/电木板材质', '套', 'FL003954', 'FL', 'Suministros Auxiliares辅料', '17'), (2571, '李仲华', '2026-01-14', '定位治具Herramienta de localización en Baquelita', 'pro13/锣机壳摄像头/电木板材质', '套', 'FL003955', 'FL', 'Suministros Auxiliares辅料', '17'), (2598, '李仲华', '2026-01-20', '双开门指纹锁Cerradura dactilar para puerta de doble hoja', '双开磁力锁/中英文版本', '套', 'FL003971', 'FL', 'Suministros Auxiliares辅料', '17'), (2599, '李仲华', '2026-01-20', '单开门指纹锁Cerradura dactilar para puerta de una hoja', '单开磁力锁/中英文版本', '套', 'FL003972', 'FL', 'Suministros Auxiliares辅料', '17'), (2600, '李仲华', '2026-01-20', '快速卷帘门指纹锁Cerradura dactilar para puerta rápida enrollable', 'PVC快速卷帘门/中英文版本', '套', 'FL003973', 'FL', 'Suministros Auxiliares辅料', '17'), (2218, '张洋', '2025-09-08', 'IPAD平板保护套模具（罂粟花）', 'Apple iPad (10th/11th Gen) Case - Poppy Flowers', '套', 'MFT101146', 'MFT', '无', '17'), (2219, '张洋', '2025-09-08', 'IPAD平板保护套模具（罂粟花）', 'Apple iPad Pro 13" (M4) Case - Poppy Flowers', '套', 'MFT101147', 'MFT', '无', '17'), (2867, '李炎鹏', '2026-03-17', '垃圾袋夹', '蓝色', '个', 'CW000067', 'CW', '宠物用品', '06'), (2868, '李炎鹏', '2026-03-17', '垃圾袋夹', '黑色', '个', 'CW000068', 'CW', '宠物用品', '06'), (2869, '李炎鹏', '2026-03-17', '垃圾袋夹', '粉色', '个', 'CW000069', 'CW', '宠物用品', '06'), (2870, '李炎鹏', '2026-03-17', '垃圾袋夹', '紫色', '个', 'CW000070', 'CW', '宠物用品', '06'), (2871, '李炎鹏', '2026-03-17', '垃圾袋夹', '绿色', '个', 'CW000071', 'CW', '宠物用品', '06'), (2872, '李炎鹏', '2026-03-17', '垃圾袋收纳盒', '分配器-胶囊', '个', 'CW000072', 'CW', '宠物用品', '06'), (2220, '张洋', '2025-09-08', 'IPAD平板保护套模具（罂粟花）', 'Apple iPad Pro 11" (M4) Case - Poppy Flowers', '套', 'MFT101148', 'MFT', '无', '17'), (2221, '张洋', '2025-09-08', 'IPAD平板保护套模具（罂粟花）', 'Apple iPad 9th Gen(10.2-inch and 10.5-Inch)) Case - Poppy Flowers', '套', 'MFT101149', 'MFT', '无', '17'), (2816, '张洋', '2026-03-06', '模架porta moldes', '四面滑块模架（带吸气）porta moldes con cuatro correderas laterales (con succión)', '套', 'FL004057', 'FL', 'Suministros Auxiliares辅料', '17'), (2392, '张洋', '2025-12-26', 'PET片材 PETsheet', 'IP16 pro max粉色小花内膜', '个', 'FL003842', 'FL', 'Suministros Auxiliares辅料', '06'), (2393, '张洋', '2025-12-26', 'PET片材 PETsheet', 'IP16 pro max粉色小花外膜', '个', 'FL003843', 'FL', 'Suministros Auxiliares辅料', '06'), (2394, '张洋', '2025-12-26', 'PET片材 PETsheet', 'IP 17粉色小花内膜', '个', 'FL003844', 'FL', 'Suministros Auxiliares辅料', '06'), (2395, '张洋', '2025-12-26', 'PET片材 PETsheet', 'IP17粉色小花外膜', '个', 'FL003845', 'FL', 'Suministros Auxiliares辅料', '06'), (2396, '张洋', '2025-12-26', 'PET片材 PETsheet', 'IP 17pro粉色小花内膜', '个', 'FL003846', 'FL', 'Suministros Auxiliares辅料', '06'), (2397, '张洋', '2025-12-26', 'PET片材 PETsheet', 'IP 17pro粉色小花外膜', '个', 'FL003847', 'FL', 'Suministros Auxiliares辅料', '06'), (2398, '张洋', '2025-12-26', 'PET片材 PETsheet', 'IP17 pro max粉色小花内膜', '个', 'FL003848', 'FL', 'Suministros Auxiliares辅料', '06'), (2399, '张洋', '2025-12-26', 'PET片材 PETsheet', 'IP17 pro max粉色小花外膜', '个', 'FL003849', 'FL', 'Suministros Auxiliares辅料', '06'), (2402, '张洋', '2025-12-29', '飞机盒纸箱Caja de cartón tipo avión', '22*14*6cm-TK', '个', 'FL003852', 'FL', 'Suministros Auxiliares辅料', '06'), (2403, '张洋', '2025-12-29', '亚克力片材Lámina de acrílico', 'DW防摔IP17 透明款-PC片材', '个', 'FL003853', 'FL', 'Suministros Auxiliares辅料', '06'), (2151, 'NEWMAN', '2025-08-13', 'NB左侧夹子', 'NB左侧夹子 Clip izquierda', '个', 'NPO1020115880', 'NPO', '无', '06'), (2621, '张洋', '2026-01-26', '耐磨块Bloque resistente al desgaste', 'DW-95*23*5mm', '个', 'FL003993', 'FL', 'Suministros Auxiliares辅料', '06'), (2441, '许恩婷', '2025-12-31', '红色印油', NULL, '个', 'RC000054', 'RC', '日常办公', '06'), (2298, '张洋', '2025-10-24', '纸卡Cartón corrugado', '样板', '个', 'FL003724', 'FL', 'Suministros Auxiliares辅料', '06'), (2302, '张洋', '2025-10-27', '空压机滤芯 DH-090Filtro de compresor de aire (DH-090)', 'EAST ASIA Size -090 KP', '个', 'GJ004003', 'GJ', 'Herramienta工具', '06'), (2303, '张洋', '2025-10-27', '空压机空气滤芯Filtro de aire para compresor de aire', '空压机/375*230', '个', 'GJ004004', 'GJ', 'Herramienta工具', '06'), (2304, '张洋', '2025-10-27', '空压机除尘滤芯Filtro de eliminación de polvo para compresor de aire', '空压机/360*230', '个', 'GJ004005', 'GJ', 'Herramienta工具', '06'), (2305, '张洋', '2025-10-27', '漏电断路器interruptor termomagnetico', 'in 125 8kv 50 hz chnt', '个', 'SB000328', 'SB', 'Equipo设备', '06'), (2202, '张洋', '2025-09-02', '心形手机保护套', 'IP 17 pro max', '个', 'NCO4030114507', 'NCO', '无', '06'), (2661, '张洋', '2026-02-02', '球阀VALVULA DE ESFERA ', ' 3/8', '个', 'FL004014', 'FL', 'Suministros Auxiliares辅料', '06'), (2306, '张洋', '2025-10-29', '亮甲斜顶techo oblicuo con costura brillante', 'HR X7d 4G', '个', 'GJ004006', 'GJ', 'Herramienta工具', '06'), (2321, '张洋', '2025-11-04', '平板电脑外壳压合治具Herramienta de prensado para carcasa de tableta', 'pro 13', '个', 'GJ004011', 'GJ', 'Herramienta工具', '06'), (2623, '李仲华', '2026-01-27', '继电器RELEVADOR', 'DC24V', '个', 'FL003995', 'FL', 'Suministros Auxiliares辅料', '06'), (2404, '张洋', '2025-12-29', '亚克力片材Lámina de acrílico', 'DW防摔IP17PRO 透明款-PC片材', '个', 'FL003854', 'FL', 'Suministros Auxiliares辅料', '06'), (2873, '李炎鹏', '2026-03-17', '垃圾袋', '香味经典款1.2丝', '个', 'CW000073', 'CW', '宠物用品', '06'), (2874, '李炎鹏', '2026-03-17', '铃铛求', '黄色', '个', 'CW000074', 'CW', '宠物用品', '06'), (2875, '李炎鹏', '2026-03-17', '铃铛求', '橙色', '个', 'CW000075', 'CW', '宠物用品', '06'), (2876, '李炎鹏', '2026-03-17', '铃铛求', '蓝色', '个', 'CW000076', 'CW', '宠物用品', '06'), (2877, '李炎鹏', '2026-03-17', '免洗手湿巾', '宠物免洗手套(6片)*1袋', '个', 'CW000077', 'CW', '宠物用品', '06'), (2878, '李炎鹏', '2026-03-17', '洗护球', '蓝色*2', '个', 'CW000078', 'CW', '宠物用品', '06'), (2879, '李炎鹏', '2026-03-17', '洗护球', '橘色*2', '个', 'CW000079', 'CW', '宠物用品', '06'), (2880, '李炎鹏', '2026-03-17', '拾便袋大便收纳盒', '咖啡色外壳一个', '个', 'CW000080', 'CW', '宠物用品', '06'), (2405, '张洋', '2025-12-29', '亚克力片材Lámina de acrílico', 'DW防摔IP17 PRO MAX 透明款-PC片材', '个', 'FL003855', 'FL', 'Suministros Auxiliares辅料', '06'), (2406, '张洋', '2025-12-29', '珍珠棉EPE foam', '9th-246*170*9mm', '个', 'FL003856', 'FL', 'Suministros Auxiliares辅料', '06'), (2410, '许恩婷', '2025-12-31', '齐心橡皮擦   B2552', NULL, '个', 'RC000023', 'RC', '日常办公', '06'), (2421, '许恩婷', '2025-12-31', '得力液体胶    7302-6', NULL, '个', 'RC000034', 'RC', '日常办公', '06'), (2186, '李仲华', '2025-09-01', '吸盘支架配件模具', '吸盘支架配件-定位柱模具/1出8', '套', 'MPO201156', 'MPO', '无', '17'), (2222, '张洋', '2025-09-08', 'IPAD平板保护套模具（黑色折边）', 'Apple iPad Air 13 (2024) Case - Black Saffiano', '套', 'MFT101150', 'MFT', '无', '17'), (2223, '张洋', '2025-09-08', 'IPAD平板保护套模具（蓝色压印）', 'Apple iPad Air 13 (2024) Case - Peri-Blue Debossed', '套', 'MFT101151', 'MFT', '无', '17'), (2881, '李炎鹏', '2026-03-17', '猫砂铲', '浅蓝灰色', '个', 'CW000081', 'CW', '宠物用品', '06'), (2374, '张洋', '2025-12-26', '十字纹面料 Tela de textura cruzada', '用于黑色折边平板套Funda negra con bordes doblados para tablet', '片', 'FL003824', 'FL', 'Suministros Auxiliares辅料', '13'), (2375, '张洋', '2025-12-26', 'PU里料Forro de PU', '用于黑色折边平板套Funda negra con bordes doblados para tablet', '片', 'FL003825', 'FL', 'Suministros Auxiliares辅料', '13'), (2376, '张洋', '2025-12-26', '中板Placa mediana', '用于黑色折边平板套Funda negra con bordes doblados para tablet', '片', 'FL003826', 'FL', 'Suministros Auxiliares辅料', '13'), (2377, '张洋', '2025-12-26', '大板Placa grande', '用于黑色折边平板套Funda negra con bordes doblados para tablet', '片', 'FL003827', 'FL', 'Suministros Auxiliares辅料', '13'), (2378, '张洋', '2025-12-26', '小板Placa pequena', '用于黑色折边平板套Funda negra con bordes doblados para tablet', '片', 'FL003828', 'FL', 'Suministros Auxiliares辅料', '13'), (2379, '张洋', '2025-12-26', '透明片Lamina transparente', '用于黑色折边平板套Funda negra con bordes doblados para tablet', '片', 'FL003829', 'FL', 'Suministros Auxiliares辅料', '13'), (2313, '李仲华', '2025-10-31', '理想mega车衣', '保镖挑战者plus', '套', 'FL003773', 'FL', 'Suministros Auxiliares辅料', '17'), (2607, '张洋', '2026-01-21', 'PET片材lámina de PET', '用于IPAD IML款片材，10th', '套', 'FL003980', 'FL', 'Suministros Auxiliares辅料', '17'), (2678, '张洋', '2026-02-03', '280双门磁力锁90Cerradura dactilar para puerta de doble hoja', '中英文版本', '套', 'FL004024', 'FL', 'Suministros Auxiliares辅料', '17'), (2679, '张洋', '2026-02-03', '280LZ支架45Cerradura dactilar para puerta de una hoja', '中英文版本', '套', 'FL004025', 'FL', 'Suministros Auxiliares辅料', '17'), (2680, '张洋', '2026-02-03', '门禁电源35Cerraduradactilar para puerta rapida enrollable', '中英文版本', '套', 'FL004026', 'FL', 'Suministros Auxiliares辅料', '17'), (2681, '张洋', '2026-02-03', '明装开关Interruptor de superficie', '中英文版本', '套', 'FL004027', 'FL', 'Suministros Auxiliares辅料', '17'), (2682, '张洋', '2026-02-03', '指纹密码机Controlador de acceso con huella y contraseña', '中英文版本', '套', 'FL004028', 'FL', 'Suministros Auxiliares辅料', '17'), (2549, 'tony', '2026-01-14', '磨牙棒洁牙玩具', '6件套', '套', 'CW000004', 'CW', '宠物用品', '17'), (2582, 'tony', '2026-01-15', '扑克响纸', '10cm*26cm', '套', 'CW000018', 'CW', '宠物用品', '17'), (2588, 'Tony', '2026-01-16', '长柄梳套装猫狗除跳蚤虱子密齿', '18*6.8cm', '套', 'CW000019', 'CW', '宠物用品', '17'), (2589, 'Tony', '2026-01-16', '猫狗梳子宠物梳子', '9.5*17.5cm', '套', 'CW000020', 'CW', '宠物用品', '17'), (2633, '罗华', '2026-01-29', '防抓咬宠物清洁手套', '浅紫色', '套', 'CW000025', 'CW', '宠物用品', '17'), (2722, '张洋', '2026-02-12', '黑色折边款IPAD平板保护套（散件配件）', 'Apple iPad Air 13 (2024) Case', '套', 'FL004038', 'FL', 'Suministros Auxiliares辅料', '17'), (2429, '许恩婷', '2025-12-31', '晨光红色印台   AYZ97525', NULL, '个', 'RC000042', 'RC', '日常办公', '06'), (2723, '张洋', '2026-02-12', 'IML款IPAD平板保护套（散件配件）', 'Apple iPad 10th Gen (2022) Case', '套', 'FL004039', 'FL', 'Suministros Auxiliares辅料', '17'), (2724, '张洋', '2026-02-12', 'IML款IPAD平板保护套（散件配件）', 'Apple iPad 9th Gen (10.2-inch and 10.5-Inch) Case', '套', 'FL004040', 'FL', 'Suministros Auxiliares辅料', '17'), (2725, '张洋', '2026-02-12', 'IML款IPAD平板保护套（散件配件）', 'Apple iPad Pro 11 (2024) Case', '套', 'FL004041', 'FL', 'Suministros Auxiliares辅料', '17'), (2726, '张洋', '2026-02-12', 'IML款IPAD平板保护套（散件配件）', 'Apple iPad Pro 13 Case', '套', 'FL004042', 'FL', 'Suministros Auxiliares辅料', '17'), (2727, '张洋', '2026-02-12', '压花款IPAD平板保护套（散件配件）', 'Apple iPad Air 13 (2024) Case', '套', 'FL004043', 'FL', 'Suministros Auxiliares辅料', '17'), (2728, '张洋', '2026-02-12', '罂粟花款IPAD平板保护套（散件配件）', 'Apple iPad 10th Gen (2022)', '套', 'FL004044', 'FL', 'Suministros Auxiliares辅料', '17'), (2729, '张洋', '2026-02-12', '罂粟花款IPAD平板保护套（散件配件）', 'Apple iPad 9th Gen (10.2-inch and 10.5-Inch)', '套', 'FL004045', 'FL', 'Suministros Auxiliares辅料', '17'), (2730, '张洋', '2026-02-12', '罂粟花款IPAD平板保护套（散件配件）', 'Apple iPad Pro 11 (2024) Case', '套', 'FL004046', 'FL', 'Suministros Auxiliares辅料', '17'), (2731, '张洋', '2026-02-12', '罂粟花款IPAD平板保护套（散件配件）', 'Apple iPad Pro 13 (2024) Case', '套', 'FL004047', 'FL', 'Suministros Auxiliares辅料', '17'), (2272, '罗欣然', '2025-09-28', '手机挂绳', '香槟金', '条', 'LXCC2509118015', 'LXCC', '无', '18'), (2273, '罗欣然', '2025-09-28', '手机挂绳', '水晶灰', '条', 'LXCC2509118019', 'LXCC', '无', '18'), (2364, '张洋', '2025-12-18', '传动皮带correa de transmisión', '用于喷涂线para la línea de pulverización', '条', 'FL003814', 'FL', 'Suministros Auxiliares辅料', '18'), (2154, 'NEWMAN', '2025-08-13', '车载支架配件Accesorios de soporte para vehículos', '透明 ABS 薄片：Lamina transparente de ABS', '张', 'FL003715', 'FL', 'Suministros Auxiliares辅料', '21'), (2269, '张洋', '2025-09-27', 'PET片材 PETsheet', 'IP15 红色花朵外膜', '张', 'FL003756', 'FL', 'Suministros Auxiliares辅料', '21'), (2270, '张洋', '2025-09-27', 'PET片材 PETsheet', 'IP15 红色花朵内膜', '张', 'FL003757', 'FL', 'Suministros Auxiliares辅料', '21'), (2443, '许恩婷', '2025-12-31', '订书机', NULL, '个', 'RC000056', 'RC', '日常办公', '06'), (2444, '许恩婷', '2025-12-31', '笔筒', NULL, '个', 'RC000057', 'RC', '日常办公', '06'), (2274, '张洋', '2025-09-28', 'PET片材 PETsheet', 'IP 16e红色花朵 外膜', '张', 'FL003758', 'FL', 'Suministros Auxiliares辅料', '21'), (2275, '张洋', '2025-09-28', 'PET片材 PETsheet', 'IP 16e 红色花朵 内膜', '张', 'FL003759', 'FL', 'Suministros Auxiliares辅料', '21'), (2278, '张洋', '2025-09-29', '事件标签Etiqueta de evento', 'Length-12.7 cm, Height-8.89 cm、80g单铜背胶、PMS 2707C', '张', 'FL003760', 'FL', 'Suministros Auxiliares辅料', '21'), (2445, '许恩婷', '2025-12-31', '工作证', NULL, '个', 'RC000058', 'RC', '日常办公', '06'), (2882, '李炎鹏', '2026-03-17', '猫砂铲', '浅黄色', '个', 'CW000082', 'CW', '宠物用品', '06'), (2662, '张洋', '2026-02-02', '控制面板PANEL DE CONTROL ', '(MH89118)', '个', 'FL004015', 'FL', 'Suministros Auxiliares辅料', '06'), (2645, '翟泽洋', '2026-01-31', 'heyday手机壳彩盒背卡', '080-07-9931', '个', 'KGFL000456', 'KGFL', '客供物料por el cliente', '06'), (2646, '翟泽洋', '2026-01-31', 'heyday手机壳彩盒背卡', '080-07-7431', '个', 'KGFL000457', 'KGFL', '客供物料por el cliente', '06'), (2647, '翟泽洋', '2026-01-31', 'heyday手机壳彩盒背卡', '080-07-1663', '个', 'KGFL000458', 'KGFL', '客供物料por el cliente', '06'), (2648, '翟泽洋', '2026-01-31', 'heyday手机壳彩盒背卡', '080-07-7800', '个', 'KGFL000459', 'KGFL', '客供物料por el cliente', '06'), (2193, '李仲华', '2025-09-01', '平板套治具4', '平板套压壳治具/UV打印款Fijador de prensa para funda de tableta, estilo de impresión UV', '个', 'GJ003953', 'GJ', 'Herramienta工具', '06'), (2883, '李炎鹏', '2026-03-17', '猫砂铲', '浅粉色', '个', 'CW000083', 'CW', '宠物用品', '06'), (2818, '李炎鹏', '2026-03-06', '猫贴墙贴', '深灰色', '张', 'CW000061', 'CW', '宠物用品', '21'), (2451, '许恩婷', '2025-12-31', '圆形藤编果篮', NULL, '个', 'RC000064', 'RC', '日常办公', '06'), (2452, '许恩婷', '2025-12-31', '圆形塑料果篮', NULL, '个', 'RC000065', 'RC', '日常办公', '06'), (2453, '许恩婷', '2025-12-31', '长形果篮', NULL, '个', 'RC000066', 'RC', '日常办公', '06'), (2454, '许恩婷', '2025-12-31', '公司横幅', NULL, '个', 'RC000067', 'RC', '日常办公', '06'), (2819, '李炎鹏', '2026-03-06', '猫贴墙贴', '深蓝色', '张', 'CW000062', 'CW', '宠物用品', '21'), (2455, '许恩婷', '2025-12-31', 'B6硬胶套   LC3777', NULL, '个', 'RC000068', 'RC', '日常办公', '06'), (2457, '张洋', '2025-12-31', '刀模（内）Troquel interno', 'IML-IPAD  10th', '个', 'FL003858', 'FL', 'Suministros Auxiliares辅料', '06'), (2458, '张洋', '2025-12-31', '刀模（外）Troquel externo', 'IML-IPAD  10th', '个', 'FL003859', 'FL', 'Suministros Auxiliares辅料', '06'), (2459, '张洋', '2025-12-31', '刀模（内）Troquel interno', 'IML-IPAD  9th', '个', 'FL003860', 'FL', 'Suministros Auxiliares辅料', '06'), (2460, '张洋', '2025-12-31', '刀模（外）Troquel externo', 'IML-IPAD  9th', '个', 'FL003861', 'FL', 'Suministros Auxiliares辅料', '06'), (2461, '张洋', '2025-12-31', '刀模（内）Troquel interno', 'IML-IPAD  Pro11', '个', 'FL003862', 'FL', 'Suministros Auxiliares辅料', '06'), (2462, '张洋', '2025-12-31', '刀模（外）Troquel externo', 'IML-IPAD  Pro11', '个', 'FL003863', 'FL', 'Suministros Auxiliares辅料', '06'), (2245, '张洋', '2025-09-16', '热力手枪', 'IML热力枪', '个', 'SB000451', 'SB', 'Equipo设备', '06'), (2246, '李仲华', '2025-09-16', '机油过滤器Filtro de Aceite', '捷豹空压机ZLS75-2Ic', '个', 'GJ003991', 'GJ', 'Herramienta工具', '06'), (2247, '李仲华', '2025-09-16', '空气滤清器Filtro de Aire', '捷豹空压机ZLS75-2Ic', '个', 'GJ003992', 'GJ', 'Herramienta工具', '06'), (2248, '李仲华', '2025-09-16', '油气分离器Separador de Aceite y Gas', '捷豹空压机ZLS75-2Ic', '个', 'GJ003993', 'GJ', 'Herramienta工具', '06'), (2884, '翟泽洋', '2026-03-18', 'RFID', '080-08-4865', '个', 'KGFL000468', 'KGFL', '客供物料por el cliente', '06'), (2885, '翟泽洋', '2026-03-18', 'RFID', '080-08-8599', '个', 'KGFL000469', 'KGFL', '客供物料por el cliente', '06'), (2886, '翟泽洋', '2026-03-18', 'RFID', '080-08-5549', '个', 'KGFL000470', 'KGFL', '客供物料por el cliente', '06'), (2887, '翟泽洋', '2026-03-18', 'RFID', '080-07-3246', '个', 'KGFL000471', 'KGFL', '客供物料por el cliente', '06'), (2888, '翟泽洋', '2026-03-18', 'RFID', '080-07-4917', '个', 'KGFL000472', 'KGFL', '客供物料por el cliente', '06'), (2889, '翟泽洋', '2026-03-18', 'RFID', '080-07-7164', '个', 'KGFL000473', 'KGFL', '客供物料por el cliente', '06'), (2890, '翟泽洋', '2026-03-18', 'RFID', '080-07-3513', '个', 'KGFL000474', 'KGFL', '客供物料por el cliente', '06'), (2891, '翟泽洋', '2026-03-18', 'RFID', '080-07-7612', '个', 'KGFL000475', 'KGFL', '客供物料por el cliente', '06'), (2892, '翟泽洋', '2026-03-18', 'RFID', '080-07-5184', '个', 'KGFL000476', 'KGFL', '客供物料por el cliente', '06'), (2893, '翟泽洋', '2026-03-18', 'RFID', '080-07-7934', '个', 'KGFL000477', 'KGFL', '客供物料por el cliente', '06'), (2249, '李仲华', '2025-09-16', '点胶机治具Máquina Dosificadora de Adhesivo', '点胶固定治具/水波纹手机壳', '个', 'GJ003994', 'GJ', 'Herramienta工具', '06'), (2250, '张洋', '2025-09-16', '平板电脑保护套样板', '平板电脑保护套样板', '个', 'FL002544', 'FL', 'Suministros Auxiliares辅料', '06'), (2251, '李仲华', '2025-09-16', '纸卡Cartón corrugado', '105*75MM三层瓦楞纸', '个', 'FL003747', 'FL', 'Suministros Auxiliares辅料', '06'), (2252, '张洋', '2025-09-23', '平板套色母粒colorante maestro para cubrimiento de tableta', '灰色gris', '个', 'FL000165', 'FL', 'Suministros Auxiliares辅料', '06'), (2229, '张洋', '2025-09-09', '心形手机壳', 'IP 17 pro', '个', 'NCO4030114407', 'NCO', '无', '06'), (2651, '翟泽洋', '2026-01-31', 'heyday手机壳彩盒绑带', '64*13MM（Pink Meadow）', '个', 'KGFL000462', 'KGFL', '客供物料por el cliente', '06'), (2742, '罗华', '2026-02-26', '金属吊牌', '正反银色爱心', '个', 'CW000053', 'CW', '宠物用品', '06'), (2741, '罗华', '2026-02-26', '金属吊牌', '正反蓝色骨头', '个', 'CW000052', 'CW', '宠物用品', '06'), (2807, '李炎鹏', '2026-03-05', '夹屎器', '蓝色机器+1卷垃圾袋', '个', 'CW000060', 'CW', '宠物用品', '06'), (2669, '翟泽洋', '2026-02-02', 'RFID', '080-07-1663', '个', 'KGFL000465', 'KGFL', '客供物料por el cliente', '06'), (2548, 'tony', '2026-01-14', '狗拉环玩具', '外径9.5cm（三环）', '个', 'CW000003', 'CW', '宠物用品', '06'), (2380, '张洋', '2025-12-26', '贴壳热熔胶transparente', '用于黑色折边平板套Funda negra con bordes doblados para tablet', '片', 'FL003830', 'FL', 'Suministros Auxiliares辅料', '13'), (2381, '张洋', '2025-12-26', '摄像孔热熔胶Adhesivo termofusible para pegado de carcasa', '用于黑色折边平板套Funda negra con bordes doblados para tablet', '片', 'FL003831', 'FL', 'Suministros Auxiliares辅料', '13'), (2382, '张洋', '2025-12-26', '折边竹Varilla de bambu para dobladillo', '用于黑色折边平板套Funda negra con bordes doblados para tablet', '片', 'FL003832', 'FL', 'Suministros Auxiliares辅料', '13'), (2173, '张洋', '2025-08-22', '冲口模', 'IP17ProDW防摔手机壳-套啤亚克力', '套', 'GJ003943', 'GJ', 'Herramienta工具', '17'), (2174, '张洋', '2025-08-22', '冲口模', 'IP17ProDW防摔手机壳', '套', 'GJ003944', 'GJ', 'Herramienta工具', '17'), (2553, 'tony', '2026-01-14', '逗猫棒', '90m', '个', 'CW000008', 'CW', '宠物用品', '06'), (2555, 'tony', '2026-01-14', '宠物舔食垫', '15cm*15cm', '个', 'CW000010', 'CW', '宠物用品', '06'), (2464, '张洋', '2025-12-31', '刀模（外）Troquel externo', 'IML-IPAD  Pro13', '个', 'FL003865', 'FL', 'Suministros Auxiliares辅料', '06'), (2175, '李俊锋', '2025-08-22', '冲口模E3701', 'IP17PROMAX 防摔手机壳-磨砂黑色', '套', 'GJ003945', 'GJ', 'Herramienta工具', '17'), (2356, '张洋', '2025-12-17', '上片机配件', '上片机用', '套', 'FL003806', 'FL', 'Suministros Auxiliares辅料', '17'), (2383, '张洋', '2025-12-26', '电压下模具Molde inferior para prensado electrico', '用于黑色折边平板套Funda negra con bordes doblados para tablet', '套', 'FL003833', 'FL', 'Suministros Auxiliares辅料', '17'), (2465, '许恩婷', '2026-01-04', '文件袋', NULL, '个', 'RC000070', 'RC', '日常办公', '06'), (2468, '许恩婷', '2026-01-06', '网格拉链文件袋', '混色', '个', 'RC000073', 'RC', '日常办公', '06'), (2471, '张洋', '2026-01-06', '亮甲斜顶techo oblicuo con costura brillante', 'OPPO A6X 4G-TPU', '个', 'FL003866', 'FL', 'Suministros Auxiliares辅料', '06'), (2472, '张洋', '2026-01-06', '亮甲斜顶techo oblicuo con costura brillante', 'OPPO A6X 4G-PC', '个', 'FL003867', 'FL', 'Suministros Auxiliares辅料', '06'), (2408, '许恩婷', '2025-12-31', '齐心订书钉   B3058', '24/6', '份', 'RC000021', 'RC', '日常办公', '05'), (2409, '许恩婷', '2025-12-31', '齐心订书钉   B3057', '10#', '份', 'RC000022', 'RC', '日常办公', '05'), (2418, '许恩婷', '2025-12-31', '得力记事贴    PO7155', NULL, '份', 'RC000031', 'RC', '日常办公', '05'), (2475, '张洋', '2026-01-12', '蓝色压花款PU面料Tela de PU estampada en relieve azul', '用于蓝色压花款平板保护套Apple iPad Air 13', '个', 'FL003870', 'FL', 'Suministros Auxiliares辅料', '06'), (2419, '许恩婷', '2025-12-31', '得力订书钉    0012', '24/6', '份', 'RC000032', 'RC', '日常办公', '05'), (2255, '张洋', '2025-09-24', 'ipad纸卡1Tarjeta de cartón para iPad 1', '纸板尺寸3:24*24CM(ipad1)', '个', 'FL003750', 'FL', 'Suministros Auxiliares辅料', '06'), (2554, 'tony', '2026-01-14', '猫贴墙贴', '浅灰色', '张', 'CW000009', 'CW', '宠物用品', '21'), (2427, '许恩婷', '2025-12-31', '晨光回形针    ABS91696', NULL, '份', 'RC000040', 'RC', '日常办公', '05'), (2435, '许恩婷', '2025-12-31', '华杰订书钉  H-890', '24/6', '份', 'RC000048', 'RC', '日常办公', '05'), (2256, '张洋', '2025-09-24', 'ipad纸卡2Tarjeta de cartón para iPad 2', '纸板尺寸4:22*20CM(ipad2)', '个', 'FL003751', 'FL', 'Suministros Auxiliares辅料', '06'), (2820, '廖梓涛', '2026-03-06', '黑色的白板笔', '晨光', '支', 'RC000079', 'RC', '日常办公', '22'), (2194, '张洋', '2025-09-01', '硅胶', '用于生产', '卷', 'YL000210', 'YL', 'Materia prima原料', '10'), (2386, '张洋', '2025-12-26', 'LOGO夹具Dispositivo de sujecion paraLOGO', '用于黑色折边平板套Funda negra con bordes doblados para tablet', '套', 'FL003836', 'FL', 'Suministros Auxiliares辅料', '17'), (2387, '张洋', '2025-12-26', 'LOGO模具Molde para LOGO', '用于黑色折边平板套Funda negra con bordes doblados para tablet', '套', 'FL003837', 'FL', 'Suministros Auxiliares辅料', '17'), (2388, '张洋', '2025-12-26', '冲孔模具Molde de punzonado', '用于黑色折边平板套Funda negra con bordes doblados para tablet', '套', 'FL003838', 'FL', 'Suministros Auxiliares辅料', '17'), (2522, '张洋', '2026-01-13', '热压模具', '10tH/压板材', '套', 'FL003917', 'FL', 'Suministros Auxiliares辅料', '17'), (2490, '张洋', '2026-01-12', '电压模(压里+压板)Molde de soldadura por ultrasonido (Prensado de forro + Prensa de placa)', 'Apple iPad 9th', '套', 'FL003885', 'FL', 'Suministros Auxiliares辅料', '17'), (2491, '张洋', '2026-01-12', '电压模(压里+压板)Molde de soldadura por ultrasonido (Prensado de forro + Prensa de placa)', 'Apple iPad 11th', '套', 'FL003886', 'FL', 'Suministros Auxiliares辅料', '17'), (2492, '张洋', '2026-01-12', '电压模(压里+压板)Molde de soldadura por ultrasonido (Prensado de forro + Prensa de placa)', 'Apple iPad 10th', '套', 'FL003887', 'FL', 'Suministros Auxiliares辅料', '17'), (2493, '张洋', '2026-01-12', '压板材模Molde de prensado de placa de material', '利仔', '套', 'FL003888', 'FL', 'Suministros Auxiliares辅料', '17'), (2400, '张洋', '2025-12-26', '防水涂料Impermeabilizante', '20kg/桶', '桶', 'FL003850', 'FL', 'Suministros Auxiliares辅料', '19'), (2287, '张洋', '2025-10-14', '公司宣传册', '43*28.5', '张', 'FL002553', 'FL', 'Suministros Auxiliares辅料', '21'), (2684, '张洋', '2026-02-03', '塑封膜Película laminadora', '229*292', '张', 'FL004029', 'FL', 'Suministros Auxiliares辅料', '21'), (2539, '翟泽洋', '2026-01-14', 'PET片材 PETsheet', 'IP 17 Pink Meadow外膜', '张', 'FL003934', 'FL', 'Suministros Auxiliares辅料', '21'), (2538, '翟泽洋', '2026-01-14', 'PET片材 PETsheet', 'IP 16 pro max Pink Meadow内膜', '张', 'FL003933', 'FL', 'Suministros Auxiliares辅料', '21'), (2537, '翟泽洋', '2026-01-14', 'PET片材 PETsheet', 'IP 16 pro max Pink Meadow外膜', '张', 'FL003932', 'FL', 'Suministros Auxiliares辅料', '21'), (2536, '翟泽洋', '2026-01-14', 'PET片材 PETsheet', 'IP 15/16e Pink Meadow内膜', '张', 'FL003931', 'FL', 'Suministros Auxiliares辅料', '21'), (2535, '翟泽洋', '2026-01-14', 'PET片材 PETsheet', 'IP 15/16e Pink Meadow外膜', '张', 'FL003930', 'FL', 'Suministros Auxiliares辅料', '21'), (2534, '李俊锋', '2026-01-14', '生产周期标签2026.02', '20*8.5*0.15MM', '张', 'FL003929', 'FL', 'Suministros Auxiliares辅料', '21'), (2558, '李仲华', '2026-01-14', 'PET片材lámina de PET', '10th/IPAD IML款片材（外膜）/电镀/丝印/覆膜', '张', 'FL003942', 'FL', 'Suministros Auxiliares辅料', '21'), (2559, '李仲华', '2026-01-14', 'PET片材lámina de PET', '10th/IPAD IML款片材（内膜）', '张', 'FL003943', 'FL', 'Suministros Auxiliares辅料', '21'), (2542, '翟泽洋', '2026-01-14', 'PET片材 PETsheet', 'IP 17 pro Pink Meadow内膜', '张', 'FL003937', 'FL', 'Suministros Auxiliares辅料', '21'), (2543, '翟泽洋', '2026-01-14', 'PET片材 PETsheet', 'IP 17 pro max Pink Meadow外膜', '张', 'FL003938', 'FL', 'Suministros Auxiliares辅料', '21'), (2635, '罗华', '2026-01-29', '四季通用宠物毛毯', '米白色脚印', '张', 'CW000027', 'CW', '宠物用品', '21'), (2636, '罗华', '2026-01-29', '四季通用宠物毛毯', '米白色小熊', '张', 'CW000028', 'CW', '宠物用品', '21'), (2637, '罗华', '2026-01-29', '四季通用宠物毛毯', '咖啡色脚印-黄色', '张', 'CW000029', 'CW', '宠物用品', '21'), (2257, '张洋', '2025-09-24', 'ipad纸卡3Tarjeta de cartón para iPad 3', '纸板尺寸5:22*22CM(ipad3)', '个', 'FL003752', 'FL', 'Suministros Auxiliares辅料', '06'), (2258, '张洋', '2025-09-24', '支架1纸卡Tarjeta de cartón para soporte 1', '纸板尺寸6:50*21CM(支架1)', '个', 'FL003753', 'FL', 'Suministros Auxiliares辅料', '06'), (2664, '张洋', '2026-02-02', '电热偶TERMOPAR', 'WRNT-M6*2.OM', '个', 'FL004017', 'FL', 'Suministros Auxiliares辅料', '06'), (2253, '张洋', '2025-09-24', 'heyday纸卡Tarjeta de cartón de heyday', '纸板尺寸2:20*16CM(HD)', '个', 'FL003748', 'FL', 'Suministros Auxiliares辅料', '06'), (2625, '李仲华', '2026-01-27', 'RELEVADOR', 'DC24V', '个', 'FL003997', 'FL', 'Suministros Auxiliares辅料', '06'), (2894, '翟泽洋', '2026-03-18', 'heyday手机壳彩盒背卡', '080-08-4865', '个', 'KGFL000499', 'KGFL', '客供物料por el cliente', '06'), (2895, '翟泽洋', '2026-03-18', 'heyday手机壳彩盒背卡', '080-08-8599', '个', 'KGFL000500', 'KGFL', '客供物料por el cliente', '06'), (2896, '翟泽洋', '2026-03-18', 'heyday手机壳彩盒背卡', '080-08-5549', '个', 'KGFL000501', 'KGFL', '客供物料por el cliente', '06'), (2897, '翟泽洋', '2026-03-18', 'heyday手机壳彩盒背卡', '080-07-3246', '个', 'KGFL000502', 'KGFL', '客供物料por el cliente', '06'), (2898, '翟泽洋', '2026-03-18', 'heyday手机壳彩盒背卡', '080-07-4917', '个', 'KGFL000503', 'KGFL', '客供物料por el cliente', '06'), (2899, '翟泽洋', '2026-03-18', 'heyday手机壳彩盒背卡', '080-07-7164', '个', 'KGFL000504', 'KGFL', '客供物料por el cliente', '06'), (2900, '翟泽洋', '2026-03-18', 'heyday手机壳彩盒背卡', '080-07-3513', '个', 'KGFL000505', 'KGFL', '客供物料por el cliente', '06'), (2901, '翟泽洋', '2026-03-18', 'heyday手机壳彩盒背卡', '080-07-7612', '个', 'KGFL000506', 'KGFL', '客供物料por el cliente', '06'), (2902, '翟泽洋', '2026-03-18', 'heyday手机壳彩盒背卡', '080-07-5184', '个', 'KGFL000507', 'KGFL', '客供物料por el cliente', '06'), (2644, '罗华', '2026-01-30', '夜光一体式p绳', '蓝色', '根', 'CW000034', 'CW', '宠物用品', '32'), (2547, 'tony', '2026-01-14', '牵引绳子', '1.5m', '根', 'CW000002', 'CW', '宠物用品', '32'), (2552, 'tony', '2026-01-14', '猫猫磨牙棒', '22cm*12cm', '根', 'CW000007', 'CW', '宠物用品', '32'), (2494, '张洋', '2026-01-12', '压里模Molde de prensado de forro', '利仔', '套', 'FL003889', 'FL', 'Suministros Auxiliares辅料', '17');
INSERT INTO "material"."materials" ("id", "applicant", "application_date", "material_name", "specifications", "unit", "code", "code_prefix", "explain_content", "unit_code") VALUES (2495, '张洋', '2026-01-12', '电压模(压里+压板)Molde de soldadura por ultrasonido (Prensado de forro + Prensa de placa)', 'Apple iPad 13PRO', '套', 'FL003890', 'FL', 'Suministros Auxiliares辅料', '17'), (2496, '张洋', '2026-01-12', '电压模（压里+压板+压花)Molde de soldadura por ultrasonido (Prensado de forro + Prensa de placa + Estampado en relieve)', 'Apple iPad 13AIR', '套', 'FL003891', 'FL', 'Suministros Auxiliares辅料', '17'), (2497, '张洋', '2026-01-12', '修正刀模Molde de cuchillo corrector', 'Apple iPad 10th', '套', 'FL003892', 'FL', 'Suministros Auxiliares辅料', '17'), (2498, '张洋', '2026-01-12', '修正刀模Molde de cuchillo corrector', 'Apple iPad 11th', '套', 'FL003893', 'FL', 'Suministros Auxiliares辅料', '17'), (2499, '张洋', '2026-01-12', '修正刀模Molde de cuchillo corrector', 'Apple iPad 9th', '套', 'FL003894', 'FL', 'Suministros Auxiliares辅料', '17'), (2500, '张洋', '2026-01-12', '修正刀模Molde de cuchillo corrector', 'Apple iPad 13PRO', '套', 'FL003895', 'FL', 'Suministros Auxiliares辅料', '17'), (2501, '张洋', '2026-01-12', '修正刀模Molde de cuchillo corrector', 'Apple iPad 13AIR', '套', 'FL003896', 'FL', 'Suministros Auxiliares辅料', '17'), (2254, '张洋', '2025-09-24', 'DW纸卡Tarjeta de cartón de DW', '纸板尺寸1:26*11.5CM(DW)', '个', 'FL003749', 'FL', 'Suministros Auxiliares辅料', '06'), (2502, '张洋', '2026-01-12', '利仔修正刀模Molde de cuchillo corrector para Lizi', '利仔', '套', 'FL003897', 'FL', 'Suministros Auxiliares辅料', '17'), (2743, '罗华', '2026-02-26', '金属吊牌', '正反银色骨头', '个', 'CW000054', 'CW', '宠物用品', '06'), (2503, '张洋', '2026-01-12', '封磁治具Herramienta de sellado magnético', 'Apple iPad 10th', '套', 'FL003898', 'FL', 'Suministros Auxiliares辅料', '17'), (2504, '张洋', '2026-01-12', '封磁治具Herramienta de sellado magnético', 'Apple iPad 9th', '套', 'FL003899', 'FL', 'Suministros Auxiliares辅料', '17'), (2505, '张洋', '2026-01-12', '封磁治具Herramienta de sellado magnético', 'Apple iPad 11th', '套', 'FL003900', 'FL', 'Suministros Auxiliares辅料', '17'), (2506, '张洋', '2026-01-12', '封磁治具Herramienta de sellado magnético', 'Apple iPad 13PRO', '套', 'FL003901', 'FL', 'Suministros Auxiliares辅料', '17'), (2507, '张洋', '2026-01-12', '封磁治具Herramienta de sellado magnético', 'Apple iPad 13AIR', '套', 'FL003902', 'FL', 'Suministros Auxiliares辅料', '17'), (2508, '张洋', '2026-01-12', '高敏感测磁器Detector magnético de alta sensibilidad', 'Apple iPad 10th', '套', 'FL003903', 'FL', 'Suministros Auxiliares辅料', '17'), (2903, '翟泽洋', '2026-03-18', 'heyday手机壳彩盒背卡', '080-07-7934', '个', 'KGFL000508', 'KGFL', '客供物料por el cliente', '06'), (2904, '翟泽洋', '2026-03-18', 'heyday手机壳彩盒背卡', '080-07-0193', '个', 'KGFL000509', 'KGFL', '客供物料por el cliente', '06'), (2905, '翟泽洋', '2026-03-18', 'heyday手机壳彩盒背卡', '080-07-3975', '个', 'KGFL000510', 'KGFL', '客供物料por el cliente', '06'), (2906, '翟泽洋', '2026-03-18', 'heyday手机壳彩盒背卡', '080-07-0191', '个', 'KGFL000511', 'KGFL', '客供物料por el cliente', '06'), (2907, '翟泽洋', '2026-03-18', 'heyday手机壳彩盒背卡', '080-07-8905', '个', 'KGFL000512', 'KGFL', '客供物料por el cliente', '06'), (2908, '翟泽洋', '2026-03-18', 'heyday手机壳彩盒背卡', '080-07-8676', '个', 'KGFL000513', 'KGFL', '客供物料por el cliente', '06'), (2909, '翟泽洋', '2026-03-18', 'RFID', '080-07-0193', '个', 'KGFL000494', 'KGFL', '客供物料por el cliente', '06'), (2910, '翟泽洋', '2026-03-18', 'RFID', '080-07-3975', '个', 'KGFL000495', 'KGFL', '客供物料por el cliente', '06'), (2911, '翟泽洋', '2026-03-18', 'RFID', '080-07-0191', '个', 'KGFL000496', 'KGFL', '客供物料por el cliente', '06'), (2912, '翟泽洋', '2026-03-18', 'RFID', '080-07-8905', '个', 'KGFL000497', 'KGFL', '客供物料por el cliente', '06'), (2913, '翟泽洋', '2026-03-18', 'RFID', '080-07-8676', '个', 'KGFL000498', 'KGFL', '客供物料por el cliente', '06'), (2322, '张洋', '2025-11-04', '平板电脑外壳压合治具Herramienta de prensado para carcasa de tableta', 'air 13', '个', 'GJ004012', 'GJ', 'Herramienta工具', '06'), (2323, '张洋', '2025-11-04', '包边夹子治具Herramienta de pinza para acolchado de bordes', '通用', '个', 'GJ004013', 'GJ', 'Herramienta工具', '06'), (2822, '施鸣坤', '2026-03-09', 'mac mini', '16G内存 512G硬盘', '台', 'SB000461', 'SB', 'Equipo设备', '16'), (2845, '张洋', '2026-03-11', '支架配件包胶铝条Car mount accessory (aluminum strip/bar)', '用于车载支架-鹅颈杯Para soporte de coche con vaso de cuello de cisne', '条', 'FL004058', 'FL', 'Suministros Auxiliares辅料', '18'), (2914, '周文杰', '2026-03-19', '电热圈', 'RESISTENCIA ELÉCTRICA 30*25*230V', '个', 'GJ007778', 'GJ', 'Herramienta工具', '06'), (2915, '周文杰', '2026-03-19', 'DISPLAY CNC', 'MÁQUINA LÁSER', '个', 'SB000657', 'SB', 'Equipo设备', '06'), (2916, '周文杰', '2026-03-19', 'IP 17 pro max IML模具', 'IP 17 pro max IML模具', '套', 'MJ000914', 'MJ', 'Molde模具/模架', '17'), (2917, '周文杰', '2026-03-19', 'TUBO CALENTADOR', 'Maquinas de inyección 220V', '个', 'SP002930', 'SP', 'SP', '06'), (2918, '周文杰', '2026-03-19', '钢料', 'PLACA DE METAL S136H#/精料/L124.5mm*W48mm*H22mm', '个', 'GL000416', 'GL', '钢料acero', '06'), (2919, '周文杰', '2026-03-19', 'MATERIAL TPU TRANSPARENTE', 'IML', '个', 'YL000875', 'YL', 'Materia prima原料', '06'), (2448, '许恩婷', '2025-12-31', '新年红包', NULL, '份', 'RC000061', 'RC', '日常办公', '05'), (2184, '李仲华', '2025-09-01', '平板套治具2', '黑色折边款-压壳治具Fixture de prensa para la carcasa del modelo de reborde negro', '个', 'GJ003951', 'GJ', 'Herramienta工具', '06'), (2185, '李仲华', '2025-09-01', '平板套治具3', '黑色折边款-贴壳定位治具Fixture de localización para pegar la carcasa del modelo de reborde negro', '个', 'GJ003952', 'GJ', 'Herramienta工具', '06'), (2668, '翟泽洋', '2026-02-02', 'RFID', '080-07-7431', '个', 'KGFL000464', 'KGFL', '客供物料por el cliente', '06'), (2259, '张洋', '2025-09-24', '支架2纸卡Tarjeta de cartón para soporte 2', '纸板尺寸6:65*31CM，(支架2)', '个', 'FL003754', 'FL', 'Suministros Auxiliares辅料', '06'), (2260, '张洋', '2025-09-24', '水波纹纸卡Tarjeta de cartón de Rugged Style ripple', '105*75MM三层瓦楞纸', '个', 'FL003755', 'FL', 'Suministros Auxiliares辅料', '06'), (2265, '罗欣然', '2025-09-26', '手机钱包挂绳', '粉色豹纹', '个', 'LXCC2509118083', 'LXCC', '无', '06'), (2266, '罗欣然', '2025-09-26', '手机钱包挂绳', '绿色方砖', '个', 'LXCC2509118084', 'LXCC', '无', '06'), (2267, '罗欣然', '2025-09-26', '手机钱包挂绳', '黑白条纹', '个', 'LXCC2509118085', 'LXCC', '无', '06'), (2268, '张洋', '2025-09-27', '亮甲斜顶', 'Galaxy A07 4G1', '个', 'GJ003996', 'GJ', 'Herramienta工具', '06'), (2276, '张洋', '2025-09-28', '计时报警器Alarma de temporización', '220v', '个', 'SB000452', 'SB', 'Equipo设备', '06'), (2277, '张洋', '2025-09-28', '断路器Interruptor de circuito', 'NM1-125S/3300125A', '个', 'GJ003997', 'GJ', 'Herramienta工具', '06'), (2279, '张洋', '2025-10-09', '亮甲斜顶techo oblicuo con costura brillante', 'MT Moto G06 4G', '个', 'GJ003998', 'GJ', 'Herramienta工具', '06'), (2663, '张洋', '2026-02-02', '门用亚克力板ACRILICO PARA PUERTA', '伊之密/', '个', 'FL004016', 'FL', 'Suministros Auxiliares辅料', '06'), (2449, '许恩婷', '2025-12-31', '奖金红包', NULL, '份', 'RC000062', 'RC', '日常办公', '05'), (2450, '许恩婷', '2025-12-31', '优秀员工红包', NULL, '份', 'RC000063', 'RC', '日常办公', '05'), (2456, '许恩婷', '2025-12-31', '口罩', NULL, '份', 'RC000069', 'RC', '日常办公', '05'), (2476, '张洋', '2026-01-12', '蓝色压花款贴壳超纤Microfibra adherida a carcasa estampada en relieve azul', '用于蓝色压花款平板保护套Apple iPad Air 13', '个', 'FL003871', 'FL', 'Suministros Auxiliares辅料', '06'), (2477, '张洋', '2026-01-12', '接壳热熔胶Pegamento térmico para unión de carcasas', '平板保护套通用Apple iPad Pro 13/Apple iPad Pro 11', '个', 'FL003872', 'FL', 'Suministros Auxiliares辅料', '06'), (2823, '李俊锋', '2026-03-10', 'IP17 E', '苹果手机IP 17E', '台', 'SB000462', 'SB', 'Equipo设备', '16'), (2920, '李仲华', '2026-03-20', '注塑机炮筒Cilindro de inyección para máquina de moldeo por inyección', '海天120/螺杆炮筒', '套', 'FL004059', 'FL', 'Suministros Auxiliares辅料', '17'), (2478, '张洋', '2026-01-12', '接壳热熔胶Pegamento térmico para unión de carcasas', '平板保护套通用Apple iPad 9th', '个', 'FL003873', 'FL', 'Suministros Auxiliares辅料', '06'), (2556, 'tony', '2026-01-14', '小黄鸭漏食器', '22cm*14', '个', 'CW000011', 'CW', '宠物用品', '06'), (2576, 'tony', '2026-01-15', '清洁手垫', '22*16cm', '个', 'CW000012', 'CW', '宠物用品', '06'), (2577, 'tony', '2026-01-15', '慢食滚动盆', '16*15cm', '个', 'CW000013', 'CW', '宠物用品', '06'), (2479, '张洋', '2026-01-12', '接壳热熔胶Pegamento térmico para unión de carcasas', '平板保护套通用Apple iPad 10th', '个', 'FL003874', 'FL', 'Suministros Auxiliares辅料', '06'), (2480, '张洋', '2026-01-12', '蓝色压花款210D面Superficie de 210D estampada en relieve azul', '用于蓝色压花款平板保护套Apple iPad Air 13', '个', 'FL003875', 'FL', 'Suministros Auxiliares辅料', '06'), (2481, '张洋', '2026-01-12', '蓝色压花款210D底 Suela de 210D estampada en relieve azul', '用于蓝色压花款平板保护套Apple iPad Air 13', '个', 'FL003876', 'FL', 'Suministros Auxiliares辅料', '06'), (2622, '张洋', '2026-01-26', '耐磨块Bloque resistente al desgaste', 'DW-85.5*23*5mm', '个', 'FL003994', 'FL', 'Suministros Auxiliares辅料', '06'), (2624, '李仲华', '2026-01-27', '固态继电器CONTROLADOR DE ETADO SÓLIDO', 'KYRP480L40P', '个', 'FL003996', 'FL', 'Suministros Auxiliares辅料', '06'), (2626, '李仲华', '2026-01-27', '电池阀VALVULA DIRECCIONAL', '4WE-N9K4', '个', 'FL003998', 'FL', 'Suministros Auxiliares辅料', '06'), (2627, '张洋', '2026-01-27', '平板套磁铁Imán para funda de tableta', '15*0.8mm', '个', 'FL003999', 'FL', 'Suministros Auxiliares辅料', '06'), (2628, '张洋', '2026-01-27', '平板套磁铁Imán para funda de tableta', '10*10*0.8mm', '个', 'FL004000', 'FL', 'Suministros Auxiliares辅料', '06'), (2629, '张洋', '2026-01-27', '平板套磁铁Imán para funda de tableta', '20*0.8*5mm', '个', 'FL004001', 'FL', 'Suministros Auxiliares辅料', '06'), (2630, '张洋', '2026-01-27', '平板套磁铁Imán para funda de tableta', '10*0.8mm', '个', 'FL004002', 'FL', 'Suministros Auxiliares辅料', '06'), (2653, '张洋', '2026-02-02', '空气过滤器格栅REJILLA PARA FILTRO DE AIRE ', '14.8X14.8CM', '个', 'FL004006', 'FL', 'Suministros Auxiliares辅料', '06'), (2654, '张洋', '2026-02-02', '继电器RELE ', '10A - 250V', '个', 'FL004007', 'FL', 'Suministros Auxiliares辅料', '06'), (2482, '张洋', '2026-01-12', '蓝色压花款接壳面料（面料＋ＰＣ＋热熔胶）Tela de unión de carcasas estampada en relieve azul (Tela + PC + Pegamento térmico)', '用于蓝色压花款平板保护套Apple iPad Air 13', '个', 'FL003877', 'FL', 'Suministros Auxiliares辅料', '06'), (2483, '张洋', '2026-01-12', 'ＵＶ款（面料＋里料）Versión UV (Tela + Forro)', '用于罂粟花款平板保护套', '个', 'FL003878', 'FL', 'Suministros Auxiliares辅料', '06'), (2264, '张洋', '2025-09-25', '亮甲斜顶', 'Rainbow2.0 XM RM 15C 4G', '个', 'GJ003995', 'GJ', 'Herramienta工具', '06'), (2280, '张洋', '2025-10-09', '亮甲斜顶techo oblicuo con costura brillante', 'ZT Blade A56 4G', '个', 'GJ003999', 'GJ', 'Herramienta工具', '06'), (2921, '张洋', '2026-03-23', '亮甲斜顶techo oblicuo con costura brillante', 'XM REDMI NOTE 15 PRO', '个', 'FL004060', 'FL', 'Suministros Auxiliares辅料', '06'), (2922, '张洋', '2026-03-23', '亮甲斜顶techo oblicuo con costura brillante', 'XM REDMI NOTE 15 PRO 5G', '个', 'FL004061', 'FL', 'Suministros Auxiliares辅料', '06'), (2923, '张洋', '2026-03-23', '亮甲斜顶techo oblicuo con costura brillante', 'Honor X9D 5G/magic 8 lite 5G/X70 5G', '个', 'FL004062', 'FL', 'Suministros Auxiliares辅料', '06'), (2924, '张洋', '2026-03-23', '模具配件', '亮甲斜顶配件', '套', 'FL004063', 'FL', 'Suministros Auxiliares辅料', '17'), (2925, '张洋', '2026-03-23', '亮甲斜顶techo oblicuo con costura brillante', 'XIAOMI REDMI NOTE 15 4G', '个', 'FL004064', 'FL', 'Suministros Auxiliares辅料', '06'), (2243, '罗欣然', '2025-09-15', '硅胶吸盘磁吸手机支架soporte de móvil con succión de silicona y imán', '黑色', '个', 'LXCS2509117402', 'LXCS', '无', '06'), (2244, '罗欣然', '2025-09-15', '硅胶吸盘磁吸手机支架soporte de móvil con succión de silicona y imán', '芭比粉色', '个', 'LXCS2509117417', 'LXCS', '无', '06'), (2261, '罗欣然', '2025-09-25', '硅胶双面吸盘手机支架', '淡粉色', '个', 'LXCS2509117806', 'LXCS', '无', '06'), (2262, '罗欣然', '2025-09-25', '硅胶双面吸盘手机支架', '芭比粉色', '个', 'LXCS2509117817', 'LXCS', '无', '06'), (2263, '罗欣然', '2025-09-25', '硅胶双面吸盘手机支架', '白色', '个', 'LXCS2509117804', 'LXCS', '无', '06'), (2650, '翟泽洋', '2026-01-31', 'heyday手机壳彩盒绑带', '64*19MM（Pink Meadow）', '个', 'KGFL000461', 'KGFL', '客供物料por el cliente', '06'), (2578, 'tony', '2026-01-15', '小黄鸭毛绒玩具', '21cm', '个', 'CW000014', 'CW', '宠物用品', '06'), (2579, 'tony', '2026-01-15', '飞盘， 15*15*3cm', '15*15*3cm', '个', 'CW000015', 'CW', '宠物用品', '06'), (2580, 'tony', '2026-01-15', '玩具球 34*5.5cm', '34*5.5cm', '个', 'CW000016', 'CW', '宠物用品', '06'), (2324, '张洋', '2025-11-04', '笔筒Portaminas', '常规', '个', 'FL003777', 'FL', 'Suministros Auxiliares辅料', '06'), (2325, '张洋', '2025-11-04', '打孔器Perforadora', '常规', '个', 'FL003778', 'FL', 'Suministros Auxiliares辅料', '06'), (2631, '罗华', '2026-01-29', '宠物背包', '蓝色', '个', 'CW000023', 'CW', '宠物用品', '06'), (2632, '罗华', '2026-01-29', '漏食球', '黄色', '个', 'CW000024', 'CW', '宠物用品', '06'), (2634, '罗华', '2026-01-29', '便携式折叠狗碗', '粉色-黑色挂钩', '个', 'CW000026', 'CW', '宠物用品', '06'), (2640, '罗华', '2026-01-29', '宠物粮勺', '白色', '个', 'CW000032', 'CW', '宠物用品', '06'), (2641, '罗华', '2026-01-29', '猫玩具不倒翁', '黄色', '个', 'CW000033', 'CW', '宠物用品', '06'), (2670, '翟泽洋', '2026-02-02', 'RFID', '080-07-7800', '个', 'KGFL000466', 'KGFL', '客供物料por el cliente', '06'), (2671, '翟泽洋', '2026-02-02', 'RFID', '080-07-8064', '个', 'KGFL000467', 'KGFL', '客供物料por el cliente', '06'), (2649, '翟泽洋', '2026-01-31', 'heyday手机壳彩盒背卡', '080-07-8064', '个', 'KGFL000460', 'KGFL', '客供物料por el cliente', '06'), (2581, 'tony', '2026-01-15', '小熊毛绒玩具  44cm', '棕色浣熊', '个', 'CW000017', 'CW', '宠物用品', '06'), (2926, '张洋', '2026-03-24', '钨钢铣刀fresa de tungsteno', 'D14X35X90L', '个', 'FL004065', 'FL', 'Suministros Auxiliares辅料', '06'), (2761, '李炎鹏', '2026-03-03', '猫咪脚套', '【防抓猫脚套4只装】粉色', '包', 'CW000056', 'CW', '宠物用品', '04'), (2762, '李炎鹏', '2026-03-03', '喷雾+梳毛', '宠物喷雾按摩梳芒果（黄色款）', '个', 'CW000057', 'CW', '宠物用品', '06'), (2344, '张洋', '2025-11-19', 'PET片材 PETsheet', 'IP 17 pro白色磁铁内膜', '个', 'FL003795', 'FL', 'Suministros Auxiliares辅料', '06'), (2345, '张洋', '2025-11-19', 'PET片材 PETsheet', 'IP 17 Air白色磁铁内膜', '个', 'FL003796', 'FL', 'Suministros Auxiliares辅料', '06'), (2346, '张洋', '2025-11-19', 'PET片材 PETsheet', 'IP 17 pro max白色磁铁内膜', '个', 'FL003797', 'FL', 'Suministros Auxiliares辅料', '06'), (2347, '黄荟陶', '2025-11-27', '礼品袋YUEWEI定制LOGO', '白色', '个', 'FL003798', 'FL', 'Suministros Auxiliares辅料', '06'), (2349, '张洋', '2025-12-08', '液压油泵Bomba de aceite hidráulica', '车载支架项目', '个', 'FL003800', 'FL', 'Suministros Auxiliares辅料', '06'), (2350, '张洋', '2025-12-08', '液压油管Tuberia hidráulica de aceite', '车载支架项目', '个', 'FL003801', 'FL', 'Suministros Auxiliares辅料', '06'), (2351, '张洋', '2025-12-08', 'DWV防摔IP17 透明款-PC片材(白底)Hoja de PC resistente a caídas DWV IP17 (versión transparente, fondo blanco)', 'IP17', '个', 'FL003802', 'FL', 'Suministros Auxiliares辅料', '06'), (2352, '张洋', '2025-12-08', 'DW防控IP17PRO 透明款-PC片材(白底)Hoja de PC de protección contra fugas DW IP17PRO (versión transparente, fondo blanco)', 'IP17PRO ', '个', 'FL003803', 'FL', 'Suministros Auxiliares辅料', '06'), (2353, '张洋', '2025-12-08', 'DWV防摔IP17 PRO MAX 透明款-PC片材(白底)Hoja de PC resistente a caídas DWV IP17 PRO MAX (versión transparente, fondo blanco)', 'IP17 PRO MAX', '个', 'FL003804', 'FL', 'Suministros Auxiliares辅料', '06'), (2355, '张洋', '2025-12-12', '亮甲斜顶techo oblicuo con costura brillante', 'SM A57 5G', '个', 'SB000459', 'SB', 'Equipo设备', '06'), (2358, '张洋', '2025-12-18', 'INVERTER操作键盘teclado de operación del inversor', '用于喷涂线para la línea de pulverización', '个', 'FL003808', 'FL', 'Suministros Auxiliares辅料', '06'), (2587, '张洋', '2026-01-16', '刷子Brocha', '20KG/桶', 'kg', 'FL003964', 'FL', 'Suministros Auxiliares辅料', '01'), (2584, '张洋', '2026-01-16', '铁锈转化剂Convertidor de óxido', '20KG/桶', 'kg', 'FL003961', 'FL', 'Suministros Auxiliares辅料', '01'), (2583, '张洋', '2026-01-16', '聚脲防水涂料Revestimiento impermeabilizante de poliurea', '18KG/桶', 'kg', 'FL003960', 'FL', 'Suministros Auxiliares辅料', '01'), (2545, '翟泽洋', '2026-01-14', 'TPU原料', 'Pink Meadow粉色抽粒料', 'kg', 'FL003940', 'FL', 'Suministros Auxiliares辅料', '01'), (2615, '张洋', '2026-01-26', 'TPU抽粒料Materia prima granulada de TPU', 'W1095-（粉色2043C）-IML', 'kg', 'FL003987', 'FL', 'Suministros Auxiliares辅料', '01'), (2675, '周文杰', '2026-02-02', '黑色母粒Masterbatch Negro', NULL, 'kg', 'YL000211', 'YL', 'Materia prima原料', '01'), (2676, '李仲华', '2026-02-03', 'TPU抽粒料Materia prima granulada de TPU', '颜色爱玛橙/90度', 'kg', 'FL004022', 'FL', 'Suministros Auxiliares辅料', '01'), (2685, '李仲华', '2026-02-04', '金刚砂Carburo de Silicio', '白砂/150#', 'kg', 'FL004030', 'FL', 'Suministros Auxiliares辅料', '01'), (2686, '李仲华', '2026-02-04', '金刚砂Carburo de Silicio', '黑砂/150#', 'kg', 'FL004031', 'FL', 'Suministros Auxiliares辅料', '01'), (2672, '周文杰', '2026-02-02', '树脂PCTG Resin', NULL, 'kg', 'FL004019', 'FL', 'Suministros Auxiliares辅料', '01'), (2683, 'yarina', '2026-02-03', '210C抽粒料', 'chicle rosa 口香糖粉', 'kg', 'YL000100', 'YL', 'Materia prima原料', '01'), (2473, '张洋', '2026-01-07', '双面胶膜Película Adhesiva Doble Cara', '宽400mm，厚度0.04mm-Silicona 硅胶类', 'kg', 'FL003868', 'FL', 'Suministros Auxiliares辅料', '01'), (2401, '张洋', '2025-12-29', 'HF3190-TPU包胶料', 'TPU包胶料', 'kg', 'FL003851', 'FL', 'Suministros Auxiliares辅料', '01'), (2354, '张洋', '2025-12-08', '桃红色透色色母粒Compuesto de color translúcido rosa melocotón', '24038', 'kg', 'FL003805', 'FL', 'Suministros Auxiliares辅料', '01'), (2308, '张洋', '2025-10-30', '色母粒Materias primas de TPU', '蓝色透色', 'kg', 'FL003769', 'FL', 'Suministros Auxiliares辅料', '01'), (2359, '张洋', '2025-12-18', '离心风机叶轮rueda de ventilador centrífugo', '用于喷涂线para la línea de pulverización', '个', 'FL003809', 'FL', 'Suministros Auxiliares辅料', '06'), (2466, '许恩婷', '2026-01-06', '晨光透明胶', NULL, '卷', 'RC000071', 'RC', '日常办公', '10'), (2550, 'tony', '2026-01-14', '垃圾袋', '29cm*18cm', '包', 'CW000005', 'CW', '宠物用品', '04'), (2695, '李炎鹏', '2026-02-06', '宠物刷毛神器', '大号白色opp袋装', '个', 'CW000039', 'CW', '宠物用品', '06'), (2696, '李炎鹏', '2026-02-06', '猫砂铲', '雪绒灰白', '个', 'CW000040', 'CW', '宠物用品', '06'), (2697, '李炎鹏', '2026-02-06', '猫食盆', '粉色', '个', 'CW000041', 'CW', '宠物用品', '06'), (2699, '李炎鹏', '2026-02-06', '动物吱吱叫玩偶', '豹纹老虎', '个', 'CW000043', 'CW', '宠物用品', '06'), (2700, '李炎鹏', '2026-02-06', '动物吱吱叫玩偶', '深棕色小狼', '个', 'CW000044', 'CW', '宠物用品', '06'), (2701, '李炎鹏', '2026-02-06', '动物吱吱叫玩偶', '桔色浣熊', '个', 'CW000045', 'CW', '宠物用品', '06'), (2702, '李炎鹏', '2026-02-06', '动物吱吱叫玩偶', '蓝色小狗', '个', 'CW000046', 'CW', '宠物用品', '06'), (2703, '李炎鹏', '2026-02-06', '动物吱吱叫玩偶', '黑色小狗', '个', 'CW000047', 'CW', '宠物用品', '06'), (2704, '李炎鹏', '2026-02-06', '动物吱吱叫玩偶', '蓝色小狼', '个', 'CW000048', 'CW', '宠物用品', '06'), (2705, '罗华', '2026-02-06', '无规律弹跳球', '黄色', '个', 'CW000049', 'CW', '宠物用品', '06'), (2706, '罗华', '2026-02-06', '猫猫磨牙棒', '3只装', '个', 'CW000050', 'CW', '宠物用品', '06'), (2195, '张洋', '2025-09-02', '心形手机保护套', 'IP 16e/15/14/13', '个', 'NCO4030116308', 'NCO', '无', '06'), (2299, '张洋', '2025-10-24', '吸塑托bandeja de termoconformado para empaque', '样板', '个', 'FL004037', 'FL', 'Suministros Auxiliares辅料', '06'), (2698, '李炎鹏', '2026-02-06', '动物吱吱叫玩偶', '浅棕色松鼠', '个', 'CW000042', 'CW', '宠物用品', '06'), (2638, '罗华', '2026-01-29', '四季通用宠物毛毯', '紫粉蓝渐变五角星', '张', 'CW000030', 'CW', '宠物用品', '21'), (2639, '罗华', '2026-01-29', '四季通用宠物毛毯', '浅蓝浅青渐变五角星', '张', 'CW000031', 'CW', '宠物用品', '21'), (2156, 'NEWMAN', '2025-08-13', '车载支架配件Accesorios de soporte para vehículos', 'HC02 插销：Clavija HC02', '支', 'FL003717', 'FL', 'Suministros Auxiliares辅料', '22'), (2411, '许恩婷', '2025-12-31', '得力白板笔    6817', '黑色', '支', 'RC000024', 'RC', '日常办公', '22'), (2412, '许恩婷', '2025-12-31', '得力白板笔    6817', '蓝色', '支', 'RC000025', 'RC', '日常办公', '22'), (2413, '许恩婷', '2025-12-31', '得力中性笔    34567', '红盖帽', '支', 'RC000026', 'RC', '日常办公', '22'), (2414, '许恩婷', '2025-12-31', '得力中性笔    S01', '红弹簧', '支', 'RC000027', 'RC', '日常办公', '22'), (2415, '许恩婷', '2025-12-31', '得力弹簧笔    6546', '红色', '支', 'RC000028', 'RC', '日常办公', '22'), (2416, '许恩婷', '2025-12-31', '得力小双头记号笔    S831', '红色', '支', 'RC000029', 'RC', '日常办公', '22'), (2417, '许恩婷', '2025-12-31', '得力白板笔    6817', '红色', '支', 'RC000030', 'RC', '日常办公', '22'), (2420, '许恩婷', '2025-12-31', '得力中性笔    S01', '黑弹簧', '支', 'RC000033', 'RC', '日常办公', '22'), (2422, '许恩婷', '2025-12-31', '晨光易擦白板笔   AWMY2202', '黑色', '支', 'RC000035', 'RC', '日常办公', '22'), (2423, '许恩婷', '2025-12-31', '晨光白板笔   AWMY2202', '红色', '支', 'RC000036', 'RC', '日常办公', '22'), (2424, '许恩婷', '2025-12-31', '晨光小双头记号笔   XPMV7403', '蓝色', '支', 'RC000037', 'RC', '日常办公', '22'), (2425, '许恩婷', '2025-12-31', '晨光小双头记号笔   XPMV7403', '黑色', '支', 'RC000038', 'RC', '日常办公', '22'), (2426, '许恩婷', '2025-12-31', '晨光小双头记号笔   XPMV7403', '红色', '支', 'RC000039', 'RC', '日常办公', '22'), (2428, '许恩婷', '2025-12-31', '晨光六角桶装铅笔   AWP30878', NULL, '支', 'RC000041', 'RC', '日常办公', '22'), (2430, '许恩婷', '2025-12-31', '听雨轩白板笔   3131', '红色', '支', 'RC000043', 'RC', '日常办公', '22'), (2431, '许恩婷', '2025-12-31', '最炫中性笔', '红盖帽', '支', 'RC000044', 'RC', '日常办公', '22'), (2432, '许恩婷', '2025-12-31', '最炫白色记号笔  0637', '白色', '支', 'RC000045', 'RC', '日常办公', '22'), (2433, '许恩婷', '2025-12-31', '最炫大双头记号笔  ZX-F0635', '黑色', '支', 'RC000046', 'RC', '日常办公', '22'), (2434, '许恩婷', '2025-12-31', '中柏油漆笔  SP110', NULL, '支', 'RC000047', 'RC', '日常办公', '22'), (2436, '许恩婷', '2025-12-31', '东洋油漆笔', '白色', '支', 'RC000049', 'RC', '日常办公', '22'), (2467, '许恩婷', '2026-01-06', '得力按动笔芯（黑）', '黑色', '支', 'RC000072', 'RC', '日常办公', '22'), (2572, '张洋', '2026-01-15', '顶针 EXTRACTOR', '顶针/D3mm*L300', '支', 'FL003956', 'FL', 'Suministros Auxiliares辅料', '22'), (2573, '张洋', '2026-01-15', '顶针 EXTRACTOR', '顶针/D4mm*L300', '支', 'FL003957', 'FL', 'Suministros Auxiliares辅料', '22'), (2574, '张洋', '2026-01-15', '顶针 EXTRACTOR', '顶针/D5mm*L300', '支', 'FL003958', 'FL', 'Suministros Auxiliares辅料', '22'), (2575, '张洋', '2026-01-15', '顶针 EXTRACTOR', '顶针/D6mm*L300', '支', 'FL003959', 'FL', 'Suministros Auxiliares辅料', '22'), (2586, '张洋', '2026-01-16', '密封胶Sellador', '300mL', '支', 'FL003963', 'FL', 'Suministros Auxiliares辅料', '22'), (2317, '张洋', '2025-11-04', '万用表测试笔PUNTAS PARA MULTIMETRO', '用于万用表', '对', 'GJ004007', 'GJ', 'Herramienta工具', '23'), (2332, '李仲华', '2025-11-12', '笔记本YUEWEI定制LOGO', '天蓝色', '本', 'FL003783', 'FL', 'Suministros Auxiliares辅料', '29'), (2486, '张洋', '2026-01-12', '离型纸Papel antiadherente', '用于蓝色压花款平板保护套Apple iPad Air 13', '个', 'FL003881', 'FL', 'Suministros Auxiliares辅料', '06'), (2487, '张洋', '2026-01-12', '蓝色压花款大面里料（超纤）Forro de gran superficie de microfibra estampada en relieve azul', '用于蓝色压花款平板保护套Apple iPad Air 13', '个', 'FL003882', 'FL', 'Suministros Auxiliares辅料', '06'), (3001, '李仲华', '2026-05-09', '训练拉环', '训练拉环【29cm—大号】', '个', 'CW000109', 'CW', '宠物用品', '06'), (2488, '张洋', '2026-01-12', 'IML款粉色利仔Lizi rosa versión IML', '用于IML款平板保护套', '个', 'FL003883', 'FL', 'Suministros Auxiliares辅料', '06'), (2489, '张洋', '2026-01-12', '包边夹Pinza para encuadernación de bordes', '平板保护套通用', '个', 'FL003884', 'FL', 'Suministros Auxiliares辅料', '06'), (2643, '张洋', '2026-01-30', '塞打螺丝', '16*130', '个', 'FL004004', 'FL', 'Suministros Auxiliares辅料', '06'), (2513, '张洋', '2026-01-13', 'PP板Tablero de PP', '用于平板套Funda para tableta', '个', 'FL003908', 'FL', 'Suministros Auxiliares辅料', '06'), (2528, '张洋', '2026-01-13', '刀模', '修正刀利仔', '个', 'FL003923', 'FL', 'Suministros Auxiliares辅料', '06'), (2529, '张洋', '2026-01-13', '刀模', '笔槽修正刀利仔', '个', 'FL003924', 'FL', 'Suministros Auxiliares辅料', '06'), (2530, '张洋', '2026-01-13', '刀模', '机壳面料修正刀', '个', 'FL003925', 'FL', 'Suministros Auxiliares辅料', '06'), (2531, '张洋', '2026-01-13', '刀模', '笔槽修正刀13AIR', '个', 'FL003926', 'FL', 'Suministros Auxiliares辅料', '06'), (2532, '张洋', '2026-01-13', '刀模', '10th 机壳热熔胶', '个', 'FL003927', 'FL', 'Suministros Auxiliares辅料', '06'), (2546, 'tony', '2026-01-14', '宠物梳子', '20cm*10.5cm', '个', 'CW000001', 'CW', '宠物用品', '06'), (2560, '李仲华', '2026-01-14', '外刀模Phenolic Die Cutting Die', '9th/切PET片材/电木板材质', '个', 'FL003944', 'FL', 'Suministros Auxiliares辅料', '06'), (2561, '李仲华', '2026-01-14', '内刀模Phenolic Die Cutting Die', '9th/切PET片材/电木板材质', '个', 'FL003945', 'FL', 'Suministros Auxiliares辅料', '06'), (2562, '李仲华', '2026-01-14', '外刀模Phenolic Die Cutting Die', '10th/切PET片材/电木板材质', '个', 'FL003946', 'FL', 'Suministros Auxiliares辅料', '06'), (2563, '李仲华', '2026-01-14', '内刀模Phenolic Die Cutting Die', '10th/切PET片材/电木板材质', '个', 'FL003947', 'FL', 'Suministros Auxiliares辅料', '06'), (2564, '李仲华', '2026-01-14', '外刀模Phenolic Die Cutting Die', 'pro11/切PET片材/电木板材质', '个', 'FL003948', 'FL', 'Suministros Auxiliares辅料', '06'), (2565, '李仲华', '2026-01-14', '内刀模Phenolic Die Cutting Die', 'pro11/切PET片材/电木板材质', '个', 'FL003949', 'FL', 'Suministros Auxiliares辅料', '06'), (2566, '李仲华', '2026-01-14', '外刀模Phenolic Die Cutting Die', 'pro13/切PET片材/电木板材质', '个', 'FL003950', 'FL', 'Suministros Auxiliares辅料', '06'), (2567, '李仲华', '2026-01-14', '内刀模Phenolic Die Cutting Die', 'pro13/切PET片材/电木板材质', '个', 'FL003951', 'FL', 'Suministros Auxiliares辅料', '06'), (2592, '李仲华', '2026-01-16', '千兆USB转以太网适配器Adaptador de USB a Ethernet Gigabyte', 'USB-A 3.0 转 2.5千兆以太网适配器', '个', 'FL003965', 'FL', 'Suministros Auxiliares辅料', '06'), (2642, '张洋', '2026-01-30', '亮甲斜顶techo oblicuo con costura brillante', 'OPPO A5 4G', '个', 'FL004003', 'FL', 'Suministros Auxiliares辅料', '06'), (2551, 'tony', '2026-01-14', '老鼠不倒翁', '11cm*5cm', '个', 'CW000006', 'CW', '宠物用品', '06'), (2764, '李炎鹏', '2026-03-03', '昆虫捕捉器', '黑色', '个', 'CW000059', 'CW', '宠物用品', '06'), (2333, '李仲华', '2025-11-12', '笔记本YUEWEI定制LOGO', '墨绿色', '本', 'FL003784', 'FL', 'Suministros Auxiliares辅料', '29'), (2334, '李仲华', '2025-11-12', '笔记本YUEWEI定制LOGO', '黑色', '本', 'FL003785', 'FL', 'Suministros Auxiliares辅料', '29'), (2437, '许恩婷', '2025-12-31', '采购申请单', NULL, '本', 'RC000050', 'RC', '日常办公', '29'), (2438, '许恩婷', '2025-12-31', '费用报销单', NULL, '本', 'RC000051', 'RC', '日常办公', '29'), (2439, '许恩婷', '2025-12-31', '付款申请单', NULL, '本', 'RC000052', 'RC', '日常办公', '29'), (2440, '许恩婷', '2025-12-31', '请假单', NULL, '本', 'RC000053', 'RC', '日常办公', '29'), (2446, '许恩婷', '2025-12-31', '荣誉证书', NULL, '本', 'RC000059', 'RC', '日常办公', '29'), (2447, '许恩婷', '2025-12-31', '聘书', NULL, '本', 'RC000060', 'RC', '日常办公', '29'), (2590, 'Tony', '2026-01-16', '牵引绳 p绳', '1.5米', '根', 'CW000021', 'CW', '宠物用品', '32'), (2652, '张洋', '2026-02-02', '高温线CABLE ALIMENTACION PARA RESISTENCIA', '注塑机高温线', '卷', 'FL004005', 'FL', 'Suministros Auxiliares辅料', '10'), (2694, '李炎鹏', '2026-02-06', '双面胶', '1m*3cm*1mm', '卷', 'CW000038', 'CW', '宠物用品', '10'), (2348, '张洋', '2025-12-05', '电线Cable Eléctrico', 'RVV 2X1.5扁', '米', 'FL003799', 'FL', 'Suministros Auxiliares辅料', '11'), (2369, '张洋', '2025-12-25', '面板Panel-Placa protectora', '用于护墙板panel de revestimiento para pared', '米', 'FL003819', 'FL', 'Suministros Auxiliares辅料', '11'), (2370, '张洋', '2025-12-25', '铝材Material de aluminio-Placa protectora', '用于护墙板panel de revestimiento para pared', '米', 'FL003820', 'FL', 'Suministros Auxiliares辅料', '11'), (2371, '张洋', '2025-12-25', '堵头Tapón-Placa protectora', '用于护墙板panel de revestimiento para pared', '米', 'FL003821', 'FL', 'Suministros Auxiliares辅料', '11'), (2372, '张洋', '2025-12-25', '弯头Codo-Placa protectora', '用于护墙板panel de revestimiento para pared', '米', 'FL003822', 'FL', 'Suministros Auxiliares辅料', '11'), (2373, '张洋', '2025-12-25', '螺丝Tornillo-Placa protectora', '用于护墙板panel de revestimiento para pared', '米', 'FL003823', 'FL', 'Suministros Auxiliares辅料', '11'), (2665, '张洋', '2026-02-02', '软水管MANGUERA PARA ANILLO ENFRIADOR  ', '3/8 a 200PSI/冷却环连接软管，3/8英寸接口，工作压力200 PSI', '米', 'FL004018', 'FL', 'Suministros Auxiliares辅料', '11'), (2188, '李武德', '2025-09-01', '冰盾片材', 'IP17PROMAX', '片', 'NIC1020114504', 'NIC', '无', '13'), (2190, '李武德', '2025-09-01', '冰盾片材', 'IP17 6.1', '片', 'NIC1020115204', 'NIC', '无', '13'), (2191, '李武德', '2025-09-01', '冰盾片材', 'IP16 6.1', '片', 'NIC1020105804', 'NIC', '无', '13'), (2192, '李武德', '2025-09-01', '冰盾片材', 'IP15 6.1', '片', 'NIC1020086204', 'NIC', '无', '13'), (2212, '张洋', '2025-09-04', '金刚透甲片材', 'PC/透明白底/T1.5mm/iPhone 16 Pro Max', '片', 'NIC1020106404', 'NIC', '无', '13'), (2215, '张洋', '2025-09-04', '金刚透甲片材', 'PC/透明白底/T1.5mm/iPhone 17 AIR', '片', 'NIC1020114304', 'NIC', '无', '13'), (2216, '张洋', '2025-09-04', '金刚透甲片材', 'PC/透明白底/T1.5mm/iPhone 17 Pro ', '片', 'NIC1020114404', 'NIC', '无', '13'), (2544, '翟泽洋', '2026-01-14', 'PET片材 PETsheet', 'IP 17 pro max Pink Meadow内膜', '张', 'FL003939', 'FL', 'Suministros Auxiliares辅料', '21'), (2541, '翟泽洋', '2026-01-14', 'PET片材 PETsheet', 'IP 17 pro Pink Meadow外膜', '张', 'FL003936', 'FL', 'Suministros Auxiliares辅料', '21'), (2540, '翟泽洋', '2026-01-14', 'PET片材 PETsheet', 'IP 17 Pink Meadow内膜', '张', 'FL003935', 'FL', 'Suministros Auxiliares辅料', '21'), (2931, '李俊锋', '2026-04-09', '蓝牙耳机AirPods pro 1', '蓝牙耳机AirPods pro 1', '个', 'SB000658', 'SB', 'Equipo设备', '06'), (2932, '李俊锋', '2026-04-09', '蓝牙耳机AirPods pro 2', '蓝牙耳机AirPods pro 2', '个', 'SB000659', 'SB', 'Equipo设备', '06'), (2933, '李炎鹏', '2026-04-09', '狗狗驱虫带', '灰色袋装狗狗62cm', '个', 'CW000084', 'CW', '宠物用品', '06'), (2934, '李炎鹏', '2026-04-09', '狗狗驱虫带', '粉色袋装狗狗62cm', '个', 'CW000085', 'CW', '宠物用品', '06'), (2935, '李炎鹏', '2026-04-09', '猫脖装饰', '粉色', '个', 'CW000086', 'CW', '宠物用品', '06'), (2936, '李炎鹏', '2026-04-09', '猫条喂食勺', '绿色', '个', 'CW000087', 'CW', '宠物用品', '06'), (2937, '李炎鹏', '2026-04-09', '猫条喂食勺', '粉色', '个', 'CW000088', 'CW', '宠物用品', '06'), (2938, '李炎鹏', '2026-04-09', '猫条喂食勺', '黄色', '个', 'CW000089', 'CW', '宠物用品', '06'), (2939, '李炎鹏', '2026-04-09', '猫脖装饰', '"亚克力猫项圈粉色; S号调节长度 20cm+5cm "', '个', 'CW000090', 'CW', '宠物用品', '06'), (2940, '李炎鹏', '2026-04-09', '猫脖装饰', '亚克力猫项圈粉色; M号 调节长度30cm+5cm', '个', 'CW000091', 'CW', '宠物用品', '06'), (2941, '李炎鹏', '2026-04-09', '小蓝象（磨牙耐咬）', '小蓝象（磨牙耐咬）', '个', 'CW000092', 'CW', '宠物用品', '06'), (2942, '李炎鹏', '2026-04-09', '宠物遥控车', '蓝色跑跑车', '盒', 'CW000093', 'CW', '宠物用品', '08'), (2943, '李炎鹏', '2026-04-09', '小黄鸭宠物喂食器', '小黄鸭【漏食器】', '个', 'CW000094', 'CW', '宠物用品', '06'), (2944, '张洋', '2026-04-13', '亮甲斜顶', 'SM S26 ultra 5G', '个', 'MJ000915', 'MJ', 'Molde模具/模架', '06'), (2945, '张洋', '2026-04-13', '亮甲斜顶', 'Samsung S26  5G', '个', 'MJ000916', 'MJ', 'Molde模具/模架', '06'), (2946, '张洋', '2026-04-15', '亮甲斜顶', 'MOTO Edge 70 fusion 5G', '个', 'MJ000917', 'MJ', 'Molde模具/模架', '06'), (2947, '张洋', '2026-04-15', '亮甲斜顶', 'Samsung S26 + 5G', '个', 'MJ000918', 'MJ', 'Molde模具/模架', '06'), (2948, '李俊锋', '2026-04-20', '冰盾SM A27 5G（四角防摔）-PC片材', '1.5MM', '个', 'FL004066', 'FL', 'Suministros Auxiliares辅料', '06'), (2949, '李俊锋', '2026-04-20', '透明防摔 SM A27 5G（四角防摔）-PC片材', '2.MM', '个', 'FL004067', 'FL', 'Suministros Auxiliares辅料', '06'), (2950, '李炎鹏', '2026-04-20', '狗绳', '黑加仑201牵引绳', '个', 'CW000095', 'CW', '宠物用品', '06'), (2951, '李炎鹏', '2026-04-20', '狗绳', '海盐蓝201牵引绳', '个', 'CW000096', 'CW', '宠物用品', '06'), (2952, '李炎鹏', '2026-04-20', '猫咪脚套', '【防抓猫脚套4只装】绿色', '包', 'CW000097', 'CW', '宠物用品', '04'), (2953, '李炎鹏', '2026-04-20', '宠物斜跨包有口袋', '墨蓝色', '个', 'CW000098', 'CW', '宠物用品', '06'), (2954, '李炎鹏', '2026-04-20', '加厚抓屎袋', '橘色50片（个）', '包', 'CW000099', 'CW', '宠物用品', '04'), (2955, '李炎鹏', '2026-04-20', '仿真四节香肠', '仿真四节香肠', '个', 'CW000100', 'CW', '宠物用品', '06'), (2956, '李炎鹏', '2026-04-20', '宠物诱导尿垫', '诱导款：M码45cm*60cm 50片装', '包', 'CW000101', 'CW', '宠物用品', '04'), (2957, '张洋', '2026-04-21', '冲架子', 'dealworthy-IP17系列', '套', 'GJ007779', 'GJ', 'Herramienta工具', '17'), (2958, '李俊锋', '2026-04-28', 'DW-防摔透明-冲模', '"DW-防摔透明-冲模 -IP17 "', '套', 'FL004068', 'FL', 'Suministros Auxiliares辅料', '17'), (2959, '李俊锋', '2026-04-28', 'DW-防摔透明-冲模', '"DW-防摔透明-冲模 -IP17PRO"', '套', 'FL004069', 'FL', 'Suministros Auxiliares辅料', '17'), (2960, '李俊锋', '2026-04-28', 'DW-防摔透明-冲模', '"DW-防摔透明-冲模 -IP17PROMAX"', '套', 'FL004070', 'FL', 'Suministros Auxiliares辅料', '17'), (2961, '李俊锋', '2026-04-28', 'DW款冲模架子', 'DW款通用', '套', 'FL004071', 'FL', 'Suministros Auxiliares辅料', '17'), (2962, '李俊锋', '2026-04-29', '透甲防摔 SM A27 5G（四角防摔）-PC片材', '透甲防摔 SM A27 5G（四角防摔）-2.0MM-PC片材', '个', 'FL004072', 'FL', 'Suministros Auxiliares辅料', '06'), (2963, '李俊锋', '2026-04-29', '冰盾SM A27 5G（四角防摔）-PC片材', '冰盾SM A27 5G（四角防摔）-1.5MM-PC片材', '个', 'FL004073', 'FL', 'Suministros Auxiliares辅料', '06'), (2964, '李炎鹏', '2026-04-29', '宠物背包', '蓝色XL码', '个', 'CW000102', 'CW', '宠物用品', '06'), (2965, '李炎鹏', '2026-04-29', '粘毛器', '四合一', '盒', 'CW000103', 'CW', '宠物用品', '08'), (2966, '张洋', '2026-04-29', '亮甲斜顶', 'Moto G67 5G', '个', 'MJ000919', 'MJ', 'Molde模具/模架', '06'), (2967, '张洋', '2026-04-29', '亮甲斜顶', 'SM A27 5G', '个', 'MJ000920', 'MJ', 'Molde模具/模架', '06'), (2968, '李仲华', '2026-04-29', '加工费', '', '份', 'FL004074', 'FL', 'Suministros Auxiliares辅料', '05'), (2969, '陈宇昂', '2026-04-30', 'Apple iPad 10th', '高敏感测磁器', '个', 'FL004075', 'FL', 'Suministros Auxiliares辅料', '06'), (2970, '陈宇昂', '2026-04-30', 'Apple iPad 9th', '高敏感测磁器', '个', 'FL004076', 'FL', 'Suministros Auxiliares辅料', '06'), (2971, '陈宇昂', '2026-04-30', 'Apple iPad Pro 11', '高敏感测磁器', '个', 'FL004077', 'FL', 'Suministros Auxiliares辅料', '06'), (2972, '陈宇昂', '2026-04-30', 'Apple iPad Pro 13', '高敏感测磁器', '个', 'FL004078', 'FL', 'Suministros Auxiliares辅料', '06'), (2973, '陈宇昂', '2026-04-30', 'Apple iPad Air 13', '高敏感测磁器', '个', 'FL004079', 'FL', 'Suministros Auxiliares辅料', '06'), (2974, '陈宇昂', '2026-04-30', 'Apple iPad 10th', '封磁治具', '个', 'FL004080', 'FL', 'Suministros Auxiliares辅料', '06'), (2975, '陈宇昂', '2026-04-30', 'Apple iPad 9th', '封磁治具', '个', 'FL004081', 'FL', 'Suministros Auxiliares辅料', '06'), (2976, '陈宇昂', '2026-04-30', 'Apple iPad Pro 11', '封磁治具', '个', 'FL004082', 'FL', 'Suministros Auxiliares辅料', '06'), (2977, '陈宇昂', '2026-04-30', 'Apple iPad Pro 13', '封磁治具', '个', 'FL004083', 'FL', 'Suministros Auxiliares辅料', '06'), (2978, '陈宇昂', '2026-04-30', 'Apple iPad Air 13', '封磁治具', '个', 'FL004084', 'FL', 'Suministros Auxiliares辅料', '06'), (2979, '陈宇昂', '2026-04-30', '利仔', '封磁治具', '个', 'FL004085', 'FL', 'Suministros Auxiliares辅料', '06'), (2980, '李仲华', '2026-05-07', '电路板', '模温机/JS-6KW/金穗', '个', 'FL004086', 'FL', 'Suministros Auxiliares辅料', '06'), (2981, '李仲华', '2026-05-07', '电路板tarjeta', '热压成型机主板/尚森', '个', 'FL004087', 'FL', 'Suministros Auxiliares辅料', '06'), (2982, '张洋', '2026-05-07', '9H钢化膜', '9H白片（西班牙）', '片', 'FL004088', 'FL', 'Suministros Auxiliares辅料', '13'), (2983, '张洋', '2026-05-09', '大张片材1.5mm厚', '1.5 mm (2m*1.2m)', '片', 'FL004089', 'FL', 'Suministros Auxiliares辅料', '13'), (2984, '张洋', '2026-05-09', '大张片材2.0mm厚', '2.0 mm (2m*1.2m)', '片', 'FL004090', 'FL', 'Suministros Auxiliares辅料', '13'), (2985, '张洋', '2026-05-09', '亚力片材', 'SMA27，四角防摔冰1.5mm厚度', '片', 'FL004091', 'FL', 'Suministros Auxiliares辅料', '13'), (2986, '张洋', '2026-05-09', '单亚力片材张片材', 'SMA27，冰大孔2.0mm厚度:', '片', 'FL004092', 'FL', 'Suministros Auxiliares辅料', '13'), (2987, '张洋', '2026-05-09', '点胶机治具', '通用', '套', 'GJ007780', 'GJ', 'Herramienta工具', '17'), (2988, '张洋', '2026-05-09', 'CNC治具', 'SMA27，按产品冰2.0mm来做', '套', 'GJ007781', 'GJ', 'Herramienta工具', '17'), (2989, '张洋', '2026-05-09', '亚克力片材', 'SMA27，四角防摔冰1.5mm厚度', '片', 'FL004093', 'FL', 'Suministros Auxiliares辅料', '13'), (2990, '张洋', '2026-05-09', '亚克力片材', 'SMA27，冰大孔2.0mm厚度:', '片', 'FL004094', 'FL', 'Suministros Auxiliares辅料', '13'), (2991, '张洋', '2026-05-09', 'PUNTA PARA PUNZÓN — 冲头', 'PARA CARMOUN', '个', 'FL004095', 'FL', 'Suministros Auxiliares辅料', '06'), (2992, '张洋', '2026-05-09', 'CONECTOR DE AIRE EN NUC LEO — NUC LEO 气管接头', '6X12', '个', 'FL004096', 'FL', 'Suministros Auxiliares辅料', '06'), (2993, '张洋', '2026-05-09', 'CONECTOR DE AIRE 1/8 -- 1/8 气管接头', '1/8 PARA MANGUERA DE 6MM', '个', 'FL004097', 'FL', 'Suministros Auxiliares辅料', '06'), (2994, '张洋', '2026-05-09', 'MACHUELO DE CARBURO — 硬质合金丝锥', '1/8', '个', 'FL004098', 'FL', 'Suministros Auxiliares辅料', '06'), (2995, '张洋', '2026-05-09', 'BROCA DE CARBURO — 硬质合金钻头', '8.9MM', '个', 'FL004099', 'FL', 'Suministros Auxiliares辅料', '06'), (2996, '李仲华', '2026-05-09', '宠物店铺logo标签', '15mm*20mm', '个', 'CW000104', 'CW', '宠物用品', '06'), (2997, '李仲华', '2026-05-09', '宠物店铺logo标签', '30mm*40mm', '个', 'CW000105', 'CW', '宠物用品', '06'), (2998, '李仲华', '2026-05-09', '宠物店铺logo标签', '50mm*60mm', '个', 'CW000106', 'CW', '宠物用品', '06'), (2999, '李仲华', '2026-05-09', '狗狗玩具足球', '【耐咬加厚升级款】S 直径15cm （中小型犬）', '个', 'CW000107', 'CW', '宠物用品', '06'), (3000, '李仲华', '2026-05-09', '宠物指甲剪', '双孔剪', '个', 'CW000108', 'CW', '宠物用品', '06'), (3002, '李仲华', '2026-05-09', '洗衣机毛发过滤网', '上开门【洗衣机过滤网】', '个', 'CW000110', 'CW', '宠物用品', '06'), (3003, '李仲华', '2026-05-09', '可水洗粘毛器', '粉色和绿色', '个', 'CW000111', 'CW', '宠物用品', '06'), (3004, '李仲华', '2026-05-09', '狗狗胸带', '"黑色S码【新款防爆冲PVC胸背】 "', '个', 'CW000112', 'CW', '宠物用品', '06'), (3005, '李仲华', '2026-05-09', '狗狗胸带', '"黑色M码【新款防爆冲PVC胸背】 "', '个', 'CW000113', 'CW', '宠物用品', '06'), (3006, '李仲华', '2026-05-09', '狗狗胸带', '红色S码【新款防爆冲PVC胸背】', '个', 'CW000114', 'CW', '宠物用品', '06'), (3007, '李仲华', '2026-05-09', '狗狗胸带', '红色M码【新款防爆冲PVC胸背】', '个', 'CW000115', 'CW', '宠物用品', '06'), (3008, '李仲华', '2026-05-09', '垃圾袋夹', '粉色/厚度1.2丝', '个', 'CW000116', 'CW', '宠物用品', '06'), (3009, '李仲华', '2026-05-09', '垃圾袋夹', '紫色/厚度1.2丝', '个', 'CW000117', 'CW', '宠物用品', '06'), (3010, '李仲华', '2026-05-09', '垃圾袋夹', '绿色/厚度1.2丝', '个', 'CW000118', 'CW', '宠物用品', '06'), (3011, '李仲华', '2026-05-09', '宠物防舔头套', '尺码: 1号 适合36-45斤狗狗 中大型犬', '个', 'CW000119', 'CW', '宠物用品', '06'), (3012, '李仲华', '2026-05-09', '宠物防舔头套', '尺码: 2号 适合27-35斤狗狗 中型犬', '个', 'CW000120', 'CW', '宠物用品', '06'), (3013, '李仲华', '2026-05-09', '宠物防舔头套', '尺码: 3号 适合15-20斤狗狗 中小型', '个', 'CW000121', 'CW', '宠物用品', '06'), (3014, '李仲华', '2026-05-09', '宠物防舔头套', '尺码: 4号 适合7-14斤狗12-20斤猫', '个', 'CW000122', 'CW', '宠物用品', '06'), (3015, '李仲华', '2026-05-09', '宠物防舔头套', '尺码: 5号 适合4-7斤狗狗 7-12斤猫', '个', 'CW000123', 'CW', '宠物用品', '06'), (3016, '李仲华', '2026-05-09', '可伸缩狗绳', '升级版【3米蓝白色】', '个', 'CW000124', 'CW', '宠物用品', '06'), (3017, '李仲华', '2026-05-09', '清洁魔力洗护球', 'QJ-023', '个', 'CW000125', 'CW', '宠物用品', '06'), (3018, '李仲华', '2026-05-09', '尼龙洗衣球', '尼龙洗护球M号*1包 6个/包', '个', 'CW000126', 'CW', '宠物用品', '06'), (3019, '张洋', '2026-05-09', '固态硬盘', 'SU650 512GB', '个', 'FL004100', 'FL', 'Suministros Auxiliares辅料', '06'), (3022, '李炎鹏', '2026-05-13', '宠物梳子', '20cm*10.5cm蓝色', '个', 'CW000127', 'CW', '宠物用品', '06'), (3023, '李炎鹏', '2026-05-13', '宠物背包', '红色L码', '个', 'CW000128', 'CW', '宠物用品', '06'), (3024, '李炎鹏', '2026-05-13', '宠物指甲剪', '双孔剪橙色', '个', 'CW000129', 'CW', '宠物用品', '06'), (3025, '李炎鹏', '2026-05-13', '宠物指甲剪', '双孔剪粉色', '个', 'CW000130', 'CW', '宠物用品', '06'), (3026, '李炎鹏', '2026-05-13', '可水洗粘毛器', '绿色', '个', 'CW000131', 'CW', '宠物用品', '06'), (3027, '李炎鹏', '2026-05-13', '猫贴墙贴', '卡其色', '个', 'CW000132', 'CW', '宠物用品', '06'), (3028, '李炎鹏', '2026-05-13', '洗衣机毛发过滤网', '蓝色【洗衣机过滤网】', '个', 'CW000133', 'CW', '宠物用品', '06'), (3029, '李仲华', '2026-05-27', '色母粒', '橙色15-1243/实色', 'kg', 'FL004101', 'FL', 'Suministros Auxiliares辅料', '01'), (3030, '李仲华', '2026-05-27', '色母粒', '透橙色', 'kg', 'FL004102', 'FL', 'Suministros Auxiliares辅料', '01'), (3031, '黄丽瑶', '2026-05-29', '便携夹便器', '剪刀拾便器', '个', 'CW000134', 'CW', '宠物用品', '06'), (3032, '黄丽瑶', '2026-05-29', '猫咪玩具', '毛毛虫', '个', 'CW000135', 'CW', '宠物用品', '06'), (3033, '黄丽瑶', '2026-05-29', '宠物去浮毛双面手套', '除毛手套', '个', 'CW000136', 'CW', '宠物用品', '06'), (3034, '黄丽瑶', '2026-05-29', '猫咪七彩蕾丝花朵项圈', '红蓝太阳花项圈', '个', 'CW000137', 'CW', '宠物用品', '06'), (3035, '黄丽瑶', '2026-05-29', '猫咪七彩蕾丝花朵项圈', '黄紫粉花朵项圈', '个', 'CW000138', 'CW', '宠物用品', '06'), (3036, '黄丽瑶', '2026-05-29', '猫咪七彩蕾丝花朵项圈', '粉白花朵项圈', '个', 'CW000139', 'CW', '宠物用品', '06'), (3037, '黄丽瑶', '2026-05-29', '宠物牵引绳', '红色M码', '个', 'CW000140', 'CW', '宠物用品', '06'), (3038, '黄丽瑶', '2026-05-29', '宠物牵引绳', '绿色M码', '个', 'CW000141', 'CW', '宠物用品', '06'), (3039, '黄丽瑶', '2026-05-29', '宠物牵引绳', '咖啡色M码', '个', 'CW000142', 'CW', '宠物用品', '06'), (3040, '黄丽瑶', '2026-05-29', '宠物牵引绳', '米白色M码', '个', 'CW000143', 'CW', '宠物用品', '06'), (3041, '黄丽瑶', '2026-05-29', '猫咪玩具小鱼', '黄色', '个', 'CW000144', 'CW', '宠物用品', '06'), (3042, '黄丽瑶', '2026-05-29', '猫咪玩具小鱼', '红色', '个', 'CW000145', 'CW', '宠物用品', '06'), (3043, '黄丽瑶', '2026-05-29', '猫咪玩具小鱼', '灰色', '个', 'CW000146', 'CW', '宠物用品', '06'), (3044, '黄丽瑶', '2026-05-29', '狗狗拾便器', '蓝色', '个', 'CW000147', 'CW', '宠物用品', '06'), (3045, '黄丽瑶', '2026-05-29', '狗狗拾便器', '米白色', '个', 'CW000148', 'CW', '宠物用品', '06'), (3046, '黄丽瑶', '2026-05-29', '狗狗拾便器', '黄色', '个', 'CW000149', 'CW', '宠物用品', '06'), (3047, '黄丽瑶', '2026-05-29', '狗狗拾便器', '粉色', '个', 'CW000150', 'CW', '宠物用品', '06'), (3048, '黄丽瑶', '2026-05-29', '宠物梳子', '白色', '个', 'CW000151', 'CW', '宠物用品', '06'), (3049, '黄丽瑶', '2026-05-29', '宠物梳子', '卡其色', '个', 'CW000152', 'CW', '宠物用品', '06'), (3050, '黄丽瑶', '2026-05-29', '宠物外带折叠碗', '黄色350ml', '个', 'CW000153', 'CW', '宠物用品', '06'), (3051, '黄丽瑶', '2026-05-29', '宠物外带折叠碗', '蓝色350ml', '个', 'CW000154', 'CW', '宠物用品', '06'), (3052, '黄丽瑶', '2026-05-29', '宠物外带折叠碗', '绿色350ml', '个', 'CW000155', 'CW', '宠物用品', '06'), (3053, '黄丽瑶', '2026-05-29', '宠物外带折叠碗', '粉色350ml', '个', 'CW000156', 'CW', '宠物用品', '06'), (3054, '黄丽瑶', '2026-05-29', '宠物外带折叠碗', '紫色350ml', '个', 'CW000157', 'CW', '宠物用品', '06'), (3055, '黄丽瑶', '2026-05-29', '耐咬磨牙绳结球', '耐咬磨牙绳结球8件套', '套', 'CW000158', 'CW', '宠物用品', '17'), (3056, '黄丽瑶', '2026-05-29', '猫薄荷球猫猫旋转球玩具', '袋装', '袋', 'CW000159', 'CW', '宠物用品', '25'), (3057, '黄丽瑶', '2026-05-29', '狗狗啃咬发声玩具趣味披萨', '披萨【响纸+发声】', '个', 'CW000160', 'CW', '宠物用品', '06'), (3058, '黄丽瑶', '2026-05-29', '宠物玩具毛绒发声鸭子', '鸭掌款', '个', 'CW000161', 'CW', '宠物用品', '06'), (3059, '黄丽瑶', '2026-05-29', '宠物静电除毛刷', '猫咪图案', '个', 'CW000162', 'CW', '宠物用品', '06'), (3060, '黄丽瑶', '2026-05-29', '宠物牵引背心', '蓝  M', '个', 'CW000163', 'CW', '宠物用品', '06'), (3061, '黄丽瑶', '2026-05-29', '宠物牵引背心', '蓝  L', '个', 'CW000164', 'CW', '宠物用品', '06'), (3062, '黄丽瑶', '2026-05-29', '宠物牵引背心', '红  M', '个', 'CW000165', 'CW', '宠物用品', '06'), (3063, '黄丽瑶', '2026-05-29', '宠物牵引背心', '红  L', '个', 'CW000166', 'CW', '宠物用品', '06'), (3064, '黄丽瑶', '2026-05-29', '宠物牵引背心', '灰   M', '个', 'CW000167', 'CW', '宠物用品', '06'), (3065, '黄丽瑶', '2026-05-29', '宠物牵引背心', '灰   L', '个', 'CW000168', 'CW', '宠物用品', '06'), (3066, '黄丽瑶', '2026-05-29', '狗狗发声玩具仿真胖头鱼', '胖头鱼绿色', '个', 'CW000169', 'CW', '宠物用品', '06'), (3067, '江世镕', '2026-05-29', '垃圾袋', '黑色/厚度1.2丝', '个', 'CW000170', 'CW', '宠物用品', '06'), (3068, '李俊锋', '2026-06-02', 'for iPhone 17e,16e,15,14&13 型号标签', '客户定制', '张', 'FL004103', 'FL', 'Suministros Auxiliares辅料', '21'), (3069, '李俊锋', '2026-06-09', '10*12cm*珠光膜阴阳骨袋*14丝（硅胶耳机壳AirPods pro 1-2兼容款）', '白色', '个', 'FL004104', 'FL', 'Suministros Auxiliares辅料', '06'), (3070, '李俊锋', '2026-06-09', '5号d形登山扣铝合金葫芦形弹簧爬山扣（硅胶耳机壳AirPods pro 1-2兼容款）', '黑色', '个', 'FL004105', 'FL', 'Suministros Auxiliares辅料', '06'), (3071, '江世镕', '2026-06-09', '宠物垃圾袋支架', '蓝色', '个', 'CW000171', 'CW', '宠物用品', '06'), (3072, '江世镕', '2026-06-09', '宠物垃圾袋支架', '黑色', '个', 'CW000172', 'CW', '宠物用品', '06'), (3073, '江世镕', '2026-06-09', '宠物垃圾袋支架', '紫色', '个', 'CW000173', 'CW', '宠物用品', '06'), (3074, '江世镕', '2026-06-09', '宠物垃圾袋支架', '绿色', '个', 'CW000174', 'CW', '宠物用品', '06'), (3075, '李仲华', '2026-06-22', '钢化膜Película templada', 'SM A07', '张', 'FL004106', 'FL', 'Suministros Auxiliares辅料', '21'), (3076, '李仲华', '2026-06-22', '钢化膜Película templada', 'SM A17', '张', 'FL004107', 'FL', 'Suministros Auxiliares辅料', '21'), (3077, '李仲华', '2026-06-22', '钢化膜Película templada', 'HR X6C', '张', 'FL004108', 'FL', 'Suministros Auxiliares辅料', '21'), (3078, '李仲华', '2026-06-22', '钢化膜Película templada', 'RM Note 15pro', '张', 'FL004109', 'FL', 'Suministros Auxiliares辅料', '21'), (3079, '李仲华', '2026-06-22', '钢化膜Película templada', 'SM A37', '张', 'FL004110', 'FL', 'Suministros Auxiliares辅料', '21');
COMMIT;

-- Sync auto-increment sequence with imported data
SELECT setval('material.materials_id_seq', (SELECT COALESCE(MAX("id"), 1) FROM "material"."materials"));

